content_id,structural_id,origin,source_doc,source_series,source_title,source_section,source_pages,source_blocks_n
KDJ-AI-2026E1-P01-C01-S01-6FC077B0,KDJ-AI-2026E1-P01-C01-S01,editorial_synthesis,NIST-AI-100-3,NIST AI 100-3,The Language of Trustworthy AI: An In-Depth Glossary of Terms,,,0
KDJ-AI-2026E1-P01-C01-S01-6FC077B0,KDJ-AI-2026E1-P01-C01-S01,editorial_synthesis,NIST-PAPER-1-FOUNDATIONAL,AAAS-NIST Paper 1,Artificial Intelligence – Foundational Issues and Glossary,,,0
KDJ-AI-2026E1-P01-C01-S02-9D7D396F,KDJ-AI-2026E1-P01-C01-S02,editorial_synthesis,NIST-AI-100-3,NIST AI 100-3,The Language of Trustworthy AI: An In-Depth Glossary of Terms,,,0
KDJ-AI-2026E1-P01-C01-S02-9D7D396F,KDJ-AI-2026E1-P01-C01-S02,editorial_synthesis,NIST-PAPER-1-FOUNDATIONAL,AAAS-NIST Paper 1,Artificial Intelligence – Foundational Issues and Glossary,,,0
KDJ-AI-2026E1-P01-C01-S03-8A563A55,KDJ-AI-2026E1-P01-C01-S03,editorial_synthesis,NIST-AI-100-3,NIST AI 100-3,The Language of Trustworthy AI: An In-Depth Glossary of Terms,,,0
KDJ-AI-2026E1-P01-C01-S03-8A563A55,KDJ-AI-2026E1-P01-C01-S03,editorial_synthesis,NIST-PAPER-1-FOUNDATIONAL,AAAS-NIST Paper 1,Artificial Intelligence – Foundational Issues and Glossary,,,0
KDJ-AI-2026E1-P01-C01-S04-2D457944,KDJ-AI-2026E1-P01-C01-S04,editorial_synthesis,NIST-AI-100-3,NIST AI 100-3,The Language of Trustworthy AI: An In-Depth Glossary of Terms,,,0
KDJ-AI-2026E1-P01-C01-S04-2D457944,KDJ-AI-2026E1-P01-C01-S04,editorial_synthesis,NIST-PAPER-1-FOUNDATIONAL,AAAS-NIST Paper 1,Artificial Intelligence – Foundational Issues and Glossary,,,0
KDJ-AI-2026E1-P01-C02-S01-D572D88D,KDJ-AI-2026E1-P01-C02-S01,source_translation,NIST-AI-100-3,NIST AI 100-3,The Language of Trustworthy AI: An In-Depth Glossary of Terms,FM,1 2 3 4 5 6,35
KDJ-AI-2026E1-P01-C02-S02-41B810B7,KDJ-AI-2026E1-P01-C02-S02,source_translation,NIST-AI-100-3,NIST AI 100-3,The Language of Trustworthy AI: An In-Depth Glossary of Terms,1,7 8,18
KDJ-AI-2026E1-P01-C02-S03-EDB50B2C,KDJ-AI-2026E1-P01-C02-S03,source_translation,NIST-AI-100-3,NIST AI 100-3,The Language of Trustworthy AI: An In-Depth Glossary of Terms,2,8 9 10,16
KDJ-AI-2026E1-P01-C03-S01-380E4C6C,KDJ-AI-2026E1-P01-C03-S01,source_translation,NIST-PAPER-1-FOUNDATIONAL,AAAS-NIST Paper 1,Artificial Intelligence – Foundational Issues and Glossary,FM,1 2,11
KDJ-AI-2026E1-P01-C03-S02-7ED8F39A,KDJ-AI-2026E1-P01-C03-S02,source_translation,NIST-PAPER-1-FOUNDATIONAL,AAAS-NIST Paper 1,Artificial Intelligence – Foundational Issues and Glossary,ARTIFICIALINTELLIGENCEANDTHE,2 3 4 5 6,23
KDJ-AI-2026E1-P01-C03-S03-4C118787,KDJ-AI-2026E1-P01-C03-S03,source_translation,NIST-PAPER-1-FOUNDATIONAL,AAAS-NIST Paper 1,Artificial Intelligence – Foundational Issues and Glossary,ARTIFICIALINTELLIGENCEFOUNDA,7,5
KDJ-AI-2026E1-P01-C03-S04-3F2F6A9D,KDJ-AI-2026E1-P01-C03-S04,source_translation,NIST-PAPER-1-FOUNDATIONAL,AAAS-NIST Paper 1,Artificial Intelligence – Foundational Issues and Glossary,1,7,3
KDJ-AI-2026E1-P01-C03-S05-73FA98D8,KDJ-AI-2026E1-P01-C03-S05,source_translation,NIST-PAPER-1-FOUNDATIONAL,AAAS-NIST Paper 1,Artificial Intelligence – Foundational Issues and Glossary,2,7 8,8
KDJ-AI-2026E1-P01-C03-S06-9FE2C2D1,KDJ-AI-2026E1-P01-C03-S06,source_translation,NIST-PAPER-1-FOUNDATIONAL,AAAS-NIST Paper 1,Artificial Intelligence – Foundational Issues and Glossary,2.1,9 10,16
KDJ-AI-2026E1-P01-C03-S07-CC1EDDF5,KDJ-AI-2026E1-P01-C03-S07,source_translation,NIST-PAPER-1-FOUNDATIONAL,AAAS-NIST Paper 1,Artificial Intelligence – Foundational Issues and Glossary,2.2,10 11 12,12
KDJ-AI-2026E1-P01-C03-S08-B16F2790,KDJ-AI-2026E1-P01-C03-S08,source_translation,NIST-PAPER-1-FOUNDATIONAL,AAAS-NIST Paper 1,Artificial Intelligence – Foundational Issues and Glossary,3,12 13,8
KDJ-AI-2026E1-P01-C03-S09-45520A88,KDJ-AI-2026E1-P01-C03-S09,source_translation,NIST-PAPER-1-FOUNDATIONAL,AAAS-NIST Paper 1,Artificial Intelligence – Foundational Issues and Glossary,3.1,13,7
KDJ-AI-2026E1-P01-C03-S10-E9FAE1B6,KDJ-AI-2026E1-P01-C03-S10,source_translation,NIST-PAPER-1-FOUNDATIONAL,AAAS-NIST Paper 1,Artificial Intelligence – Foundational Issues and Glossary,3.2,14 15 16 17,23
KDJ-AI-2026E1-P01-C03-S11-2F73F347,KDJ-AI-2026E1-P01-C03-S11,source_translation,NIST-PAPER-1-FOUNDATIONAL,AAAS-NIST Paper 1,Artificial Intelligence – Foundational Issues and Glossary,3.3,17 18 19 20,31
KDJ-AI-2026E1-P01-C03-S12-75304F74,KDJ-AI-2026E1-P01-C03-S12,source_translation,NIST-PAPER-1-FOUNDATIONAL,AAAS-NIST Paper 1,Artificial Intelligence – Foundational Issues and Glossary,3.4,20 21 22,18
KDJ-AI-2026E1-P01-C03-S13-ED17C843,KDJ-AI-2026E1-P01-C03-S13,source_translation,NIST-PAPER-1-FOUNDATIONAL,AAAS-NIST Paper 1,Artificial Intelligence – Foundational Issues and Glossary,4,22 23,7
KDJ-AI-2026E1-P01-C03-S14-D79F1016,KDJ-AI-2026E1-P01-C03-S14,source_translation,NIST-PAPER-1-FOUNDATIONAL,AAAS-NIST Paper 1,Artificial Intelligence – Foundational Issues and Glossary,5,23 24,10
KDJ-AI-2026E1-P01-C03-S15-D0B3E702,KDJ-AI-2026E1-P01-C03-S15,source_translation,NIST-PAPER-1-FOUNDATIONAL,AAAS-NIST Paper 1,Artificial Intelligence – Foundational Issues and Glossary,5.1,24 25 26 27,19
KDJ-AI-2026E1-P01-C03-S16-D4F31D0D,KDJ-AI-2026E1-P01-C03-S16,source_translation,NIST-PAPER-1-FOUNDATIONAL,AAAS-NIST Paper 1,Artificial Intelligence – Foundational Issues and Glossary,5.2,27 28,10
KDJ-AI-2026E1-P01-C03-S17-97C094FC,KDJ-AI-2026E1-P01-C03-S17,source_translation,NIST-PAPER-1-FOUNDATIONAL,AAAS-NIST Paper 1,Artificial Intelligence – Foundational Issues and Glossary,5.3,28,5
KDJ-AI-2026E1-P01-C03-S18-16BE9A75,KDJ-AI-2026E1-P01-C03-S18,source_translation,NIST-PAPER-1-FOUNDATIONAL,AAAS-NIST Paper 1,Artificial Intelligence – Foundational Issues and Glossary,5.4,29,2
KDJ-AI-2026E1-P01-C03-S19-92EFA6D1,KDJ-AI-2026E1-P01-C03-S19,source_translation,NIST-PAPER-1-FOUNDATIONAL,AAAS-NIST Paper 1,Artificial Intelligence – Foundational Issues and Glossary,6,29,2
KDJ-AI-2026E1-P01-C03-S20-2F22681D,KDJ-AI-2026E1-P01-C03-S20,source_translation,NIST-PAPER-1-FOUNDATIONAL,AAAS-NIST Paper 1,Artificial Intelligence – Foundational Issues and Glossary,7,29,5
KDJ-AI-2026E1-P01-C03-S21-8AA25E5A,KDJ-AI-2026E1-P01-C03-S21,source_translation,NIST-PAPER-1-FOUNDATIONAL,AAAS-NIST Paper 1,Artificial Intelligence – Foundational Issues and Glossary,APPA,30,3
KDJ-AI-2026E1-P01-C03-S22-ED2CC067,KDJ-AI-2026E1-P01-C03-S22,source_translation,NIST-PAPER-1-FOUNDATIONAL,AAAS-NIST Paper 1,Artificial Intelligence – Foundational Issues and Glossary,A1UNITEDSTATES,30 31,9
KDJ-AI-2026E1-P01-C03-S23-B73D14E4,KDJ-AI-2026E1-P01-C03-S23,source_translation,NIST-PAPER-1-FOUNDATIONAL,AAAS-NIST Paper 1,Artificial Intelligence – Foundational Issues and Glossary,A2GLOBAL,31,3
KDJ-AI-2026E1-P01-C03-S24-43516383,KDJ-AI-2026E1-P01-C03-S24,source_translation,NIST-PAPER-1-FOUNDATIONAL,AAAS-NIST Paper 1,Artificial Intelligence – Foundational Issues and Glossary,A3SPECIFICCOUNTRIES,32 33 34,17
KDJ-AI-2026E1-P01-C03-S25-4F57629B,KDJ-AI-2026E1-P01-C03-S25,source_translation,NIST-PAPER-1-FOUNDATIONAL,AAAS-NIST Paper 1,Artificial Intelligence – Foundational Issues and Glossary,A4GLOBALCIVILSOCIETY,34 35,20
KDJ-AI-2026E1-P01-C03-S26-F6ED7368,KDJ-AI-2026E1-P01-C03-S26,source_translation,NIST-PAPER-1-FOUNDATIONAL,AAAS-NIST Paper 1,Artificial Intelligence – Foundational Issues and Glossary,GLOSSARY,36 37 38 39 40 41 42 43 44 45 46 47 48 49 50 51 52 53 54 55 56,22
KDJ-AI-2026E1-P01-C04-S01-0CAD88E5,KDJ-AI-2026E1-P01-C04-S01,editorial_synthesis,NIST-AI-100-3,NIST AI 100-3,The Language of Trustworthy AI: An In-Depth Glossary of Terms,,,0
KDJ-AI-2026E1-P01-C04-S01-0CAD88E5,KDJ-AI-2026E1-P01-C04-S01,editorial_synthesis,NIST-PAPER-1-FOUNDATIONAL,AAAS-NIST Paper 1,Artificial Intelligence – Foundational Issues and Glossary,,,0
KDJ-AI-2026E1-P01-C04-S02-086B1A7E,KDJ-AI-2026E1-P01-C04-S02,editorial_synthesis,NIST-AI-100-3,NIST AI 100-3,The Language of Trustworthy AI: An In-Depth Glossary of Terms,,,0
KDJ-AI-2026E1-P01-C04-S02-086B1A7E,KDJ-AI-2026E1-P01-C04-S02,editorial_synthesis,NIST-PAPER-1-FOUNDATIONAL,AAAS-NIST Paper 1,Artificial Intelligence – Foundational Issues and Glossary,,,0
KDJ-AI-2026E1-P01-C04-S03-257EA1B0,KDJ-AI-2026E1-P01-C04-S03,editorial_synthesis,NIST-AI-100-3,NIST AI 100-3,The Language of Trustworthy AI: An In-Depth Glossary of Terms,,,0
KDJ-AI-2026E1-P01-C04-S03-257EA1B0,KDJ-AI-2026E1-P01-C04-S03,editorial_synthesis,NIST-PAPER-1-FOUNDATIONAL,AAAS-NIST Paper 1,Artificial Intelligence – Foundational Issues and Glossary,,,0
KDJ-AI-2026E1-P01-C05-S01-5AC7A267,KDJ-AI-2026E1-P01-C05-S01,editorial_synthesis,NIST-AI-100-3,NIST AI 100-3,The Language of Trustworthy AI: An In-Depth Glossary of Terms,,,0
KDJ-AI-2026E1-P01-C05-S01-5AC7A267,KDJ-AI-2026E1-P01-C05-S01,editorial_synthesis,NIST-PAPER-1-FOUNDATIONAL,AAAS-NIST Paper 1,Artificial Intelligence – Foundational Issues and Glossary,,,0
KDJ-AI-2026E1-P01-C06-S01-0A4F866A,KDJ-AI-2026E1-P01-C06-S01,editorial_localization_ir,NIST-AI-100-3,NIST AI 100-3,The Language of Trustworthy AI: An In-Depth Glossary of Terms,,,0
KDJ-AI-2026E1-P01-C06-S01-0A4F866A,KDJ-AI-2026E1-P01-C06-S01,editorial_localization_ir,NIST-PAPER-1-FOUNDATIONAL,AAAS-NIST Paper 1,Artificial Intelligence – Foundational Issues and Glossary,,,0
KDJ-AI-2026E1-P01-C06-S02-63B55813,KDJ-AI-2026E1-P01-C06-S02,editorial_localization_ir,NIST-AI-100-3,NIST AI 100-3,The Language of Trustworthy AI: An In-Depth Glossary of Terms,,,0
KDJ-AI-2026E1-P01-C06-S02-63B55813,KDJ-AI-2026E1-P01-C06-S02,editorial_localization_ir,NIST-PAPER-1-FOUNDATIONAL,AAAS-NIST Paper 1,Artificial Intelligence – Foundational Issues and Glossary,,,0
KDJ-AI-2026E1-P01-C06-S03-7EF1DB1C,KDJ-AI-2026E1-P01-C06-S03,editorial_localization_ir,NIST-AI-100-3,NIST AI 100-3,The Language of Trustworthy AI: An In-Depth Glossary of Terms,,,0
KDJ-AI-2026E1-P01-C06-S03-7EF1DB1C,KDJ-AI-2026E1-P01-C06-S03,editorial_localization_ir,NIST-PAPER-1-FOUNDATIONAL,AAAS-NIST Paper 1,Artificial Intelligence – Foundational Issues and Glossary,,,0
KDJ-AI-2026E1-P01-C06-S04-2CAE5D7E,KDJ-AI-2026E1-P01-C06-S04,editorial_localization_ir,NIST-AI-100-3,NIST AI 100-3,The Language of Trustworthy AI: An In-Depth Glossary of Terms,,,0
KDJ-AI-2026E1-P01-C06-S04-2CAE5D7E,KDJ-AI-2026E1-P01-C06-S04,editorial_localization_ir,NIST-PAPER-1-FOUNDATIONAL,AAAS-NIST Paper 1,Artificial Intelligence – Foundational Issues and Glossary,,,0
KDJ-AI-2026E1-P01-C06-S05-9E1CB2A8,KDJ-AI-2026E1-P01-C06-S05,editorial_localization_ir,NIST-AI-100-3,NIST AI 100-3,The Language of Trustworthy AI: An In-Depth Glossary of Terms,,,0
KDJ-AI-2026E1-P01-C06-S05-9E1CB2A8,KDJ-AI-2026E1-P01-C06-S05,editorial_localization_ir,NIST-PAPER-1-FOUNDATIONAL,AAAS-NIST Paper 1,Artificial Intelligence – Foundational Issues and Glossary,,,0
KDJ-AI-2026E1-P01-C06-S06-54498A5E,KDJ-AI-2026E1-P01-C06-S06,editorial_localization_ir,NIST-AI-100-3,NIST AI 100-3,The Language of Trustworthy AI: An In-Depth Glossary of Terms,,,0
KDJ-AI-2026E1-P01-C06-S06-54498A5E,KDJ-AI-2026E1-P01-C06-S06,editorial_localization_ir,NIST-PAPER-1-FOUNDATIONAL,AAAS-NIST Paper 1,Artificial Intelligence – Foundational Issues and Glossary,,,0
KDJ-AI-2026E1-P01-C06-S07-1CB08DA9,KDJ-AI-2026E1-P01-C06-S07,editorial_localization_ir,NIST-AI-100-3,NIST AI 100-3,The Language of Trustworthy AI: An In-Depth Glossary of Terms,,,0
KDJ-AI-2026E1-P01-C06-S07-1CB08DA9,KDJ-AI-2026E1-P01-C06-S07,editorial_localization_ir,NIST-PAPER-1-FOUNDATIONAL,AAAS-NIST Paper 1,Artificial Intelligence – Foundational Issues and Glossary,,,0
KDJ-AI-2026E1-P01-C06-S08-3C21C304,KDJ-AI-2026E1-P01-C06-S08,editorial_localization_ir,NIST-AI-100-3,NIST AI 100-3,The Language of Trustworthy AI: An In-Depth Glossary of Terms,,,0
KDJ-AI-2026E1-P01-C06-S08-3C21C304,KDJ-AI-2026E1-P01-C06-S08,editorial_localization_ir,NIST-PAPER-1-FOUNDATIONAL,AAAS-NIST Paper 1,Artificial Intelligence – Foundational Issues and Glossary,,,0
KDJ-AI-2026E1-P01-C06-S09-EED0222A,KDJ-AI-2026E1-P01-C06-S09,editorial_localization_ir,NIST-AI-100-3,NIST AI 100-3,The Language of Trustworthy AI: An In-Depth Glossary of Terms,,,0
KDJ-AI-2026E1-P01-C06-S09-EED0222A,KDJ-AI-2026E1-P01-C06-S09,editorial_localization_ir,NIST-PAPER-1-FOUNDATIONAL,AAAS-NIST Paper 1,Artificial Intelligence – Foundational Issues and Glossary,,,0
KDJ-AI-2026E1-P02-C07-S01-020FDB3B,KDJ-AI-2026E1-P02-C07-S01,editorial_synthesis,NIST-AI-100-1,NIST AI 100-1,Artificial Intelligence Risk Management Framework (AI RMF 1.0),,,0
KDJ-AI-2026E1-P02-C07-S01-020FDB3B,KDJ-AI-2026E1-P02-C07-S01,editorial_synthesis,NIST-AI-RMF-PLAYBOOK,NIST AI RMF Playbook,AI RMF Playbook,,,0
KDJ-AI-2026E1-P02-C07-S01-020FDB3B,KDJ-AI-2026E1-P02-C07-S01,editorial_synthesis,NIST-AI-600-1,NIST AI 600-1,Artificial Intelligence Risk Management Framework: Generative Artificial Intelligence Profile,,,0
KDJ-AI-2026E1-P02-C07-S02-E5A3423F,KDJ-AI-2026E1-P02-C07-S02,editorial_synthesis,NIST-AI-100-1,NIST AI 100-1,Artificial Intelligence Risk Management Framework (AI RMF 1.0),,,0
KDJ-AI-2026E1-P02-C07-S02-E5A3423F,KDJ-AI-2026E1-P02-C07-S02,editorial_synthesis,NIST-AI-RMF-PLAYBOOK,NIST AI RMF Playbook,AI RMF Playbook,,,0
KDJ-AI-2026E1-P02-C07-S02-E5A3423F,KDJ-AI-2026E1-P02-C07-S02,editorial_synthesis,NIST-AI-600-1,NIST AI 600-1,Artificial Intelligence Risk Management Framework: Generative Artificial Intelligence Profile,,,0
KDJ-AI-2026E1-P02-C07-S03-D273C882,KDJ-AI-2026E1-P02-C07-S03,editorial_synthesis,NIST-AI-100-1,NIST AI 100-1,Artificial Intelligence Risk Management Framework (AI RMF 1.0),,,0
KDJ-AI-2026E1-P02-C07-S03-D273C882,KDJ-AI-2026E1-P02-C07-S03,editorial_synthesis,NIST-AI-RMF-PLAYBOOK,NIST AI RMF Playbook,AI RMF Playbook,,,0
KDJ-AI-2026E1-P02-C07-S03-D273C882,KDJ-AI-2026E1-P02-C07-S03,editorial_synthesis,NIST-AI-600-1,NIST AI 600-1,Artificial Intelligence Risk Management Framework: Generative Artificial Intelligence Profile,,,0
KDJ-AI-2026E1-P02-C08-S01-E7F4014E,KDJ-AI-2026E1-P02-C08-S01,source_translation,NIST-AI-100-1,NIST AI 100-1,Artificial Intelligence Risk Management Framework (AI RMF 1.0),FM,1 2 3,14
KDJ-AI-2026E1-P02-C08-S02-A6D30928,KDJ-AI-2026E1-P02-C08-S02,source_translation,NIST-AI-100-1,NIST AI 100-1,Artificial Intelligence Risk Management Framework (AI RMF 1.0),ARTIFICIALINTELLIGENCERISKMA,4 5,6
KDJ-AI-2026E1-P02-C08-S03-7B18C80D,KDJ-AI-2026E1-P02-C08-S03,source_translation,NIST-AI-100-1,NIST AI 100-1,Artificial Intelligence Risk Management Framework (AI RMF 1.0),EXECUTIVESUMMARY,6 7 8 9,17
KDJ-AI-2026E1-P02-C08-S04-EC429101,KDJ-AI-2026E1-P02-C08-S04,source_translation,NIST-AI-100-1,NIST AI 100-1,Artificial Intelligence Risk Management Framework (AI RMF 1.0),PART1FOUNDATIONALINFORMATION,9 10 11 12 13 14 15 16 17 18 19 20 21 22 23 24 25,112
KDJ-AI-2026E1-P02-C08-S05-83D41AA5,KDJ-AI-2026E1-P02-C08-S05,source_translation,NIST-AI-100-1,NIST AI 100-1,Artificial Intelligence Risk Management Framework (AI RMF 1.0),PART2COREANDPROFILES,25 26 27 28 29 30 31 32 33 34 35 36 37 38 39,89
KDJ-AI-2026E1-P02-C08-S06-270963BE,KDJ-AI-2026E1-P02-C08-S06,source_translation,NIST-AI-100-1,NIST AI 100-1,Artificial Intelligence Risk Management Framework (AI RMF 1.0),APPA,40 41 42,21
KDJ-AI-2026E1-P02-C08-S07-7F79BFBB,KDJ-AI-2026E1-P02-C08-S07,source_translation,NIST-AI-100-1,NIST AI 100-1,Artificial Intelligence Risk Management Framework (AI RMF 1.0),APPB,43 44,25
KDJ-AI-2026E1-P02-C08-S08-6CB4A289,KDJ-AI-2026E1-P02-C08-S08,source_translation,NIST-AI-100-1,NIST AI 100-1,Artificial Intelligence Risk Management Framework (AI RMF 1.0),APPC,45 46,12
KDJ-AI-2026E1-P02-C08-S09-C97E0B40,KDJ-AI-2026E1-P02-C08-S09,source_translation,NIST-AI-100-1,NIST AI 100-1,Artificial Intelligence Risk Management Framework (AI RMF 1.0),APPD,47 48,14
KDJ-AI-2026E1-P02-C09-S01-49174427,KDJ-AI-2026E1-P02-C09-S01,source_translation,NIST-AI-RMF-PLAYBOOK,NIST AI RMF Playbook,AI RMF Playbook,FM,4,6
KDJ-AI-2026E1-P02-C09-S02-CFFB4109,KDJ-AI-2026E1-P02-C09-S02,source_translation,NIST-AI-RMF-PLAYBOOK,NIST AI RMF Playbook,AI RMF Playbook,GOVERN-1.1,6 7,25
KDJ-AI-2026E1-P02-C09-S03-266EEDAA,KDJ-AI-2026E1-P02-C09-S03,source_translation,NIST-AI-RMF-PLAYBOOK,NIST AI RMF Playbook,AI RMF Playbook,GOVERN-1.2,7 8 9,43
KDJ-AI-2026E1-P02-C09-S04-24E258BA,KDJ-AI-2026E1-P02-C09-S04,source_translation,NIST-AI-RMF-PLAYBOOK,NIST AI RMF Playbook,AI RMF Playbook,GOVERN-1.3,9 10,23
KDJ-AI-2026E1-P02-C09-S05-C9E8F1BF,KDJ-AI-2026E1-P02-C09-S05,source_translation,NIST-AI-RMF-PLAYBOOK,NIST AI RMF Playbook,AI RMF Playbook,GOVERN-1.4,11 12 13,43
KDJ-AI-2026E1-P02-C09-S06-03D5DB81,KDJ-AI-2026E1-P02-C09-S06,source_translation,NIST-AI-RMF-PLAYBOOK,NIST AI RMF Playbook,AI RMF Playbook,GOVERN-1.5,13 14,25
KDJ-AI-2026E1-P02-C09-S07-EBC0316C,KDJ-AI-2026E1-P02-C09-S07,source_translation,NIST-AI-RMF-PLAYBOOK,NIST AI RMF Playbook,AI RMF Playbook,GOVERN-1.6,14 15,24
KDJ-AI-2026E1-P02-C09-S08-8A0691E5,KDJ-AI-2026E1-P02-C09-S08,source_translation,NIST-AI-RMF-PLAYBOOK,NIST AI RMF Playbook,AI RMF Playbook,GOVERN-1.7,15 16 17,30
KDJ-AI-2026E1-P02-C09-S09-E7FDE544,KDJ-AI-2026E1-P02-C09-S09,source_translation,NIST-AI-RMF-PLAYBOOK,NIST AI RMF Playbook,AI RMF Playbook,GOVERN-2.1,17 18 19,40
KDJ-AI-2026E1-P02-C09-S10-8F631612,KDJ-AI-2026E1-P02-C09-S10,source_translation,NIST-AI-RMF-PLAYBOOK,NIST AI RMF Playbook,AI RMF Playbook,GOVERN-2.2,19 20,31
KDJ-AI-2026E1-P02-C09-S11-5E02A04A,KDJ-AI-2026E1-P02-C09-S11,source_translation,NIST-AI-RMF-PLAYBOOK,NIST AI RMF Playbook,AI RMF Playbook,GOVERN-2.3,20 21,25
KDJ-AI-2026E1-P02-C09-S12-2B5D28EE,KDJ-AI-2026E1-P02-C09-S12,source_translation,NIST-AI-RMF-PLAYBOOK,NIST AI RMF Playbook,AI RMF Playbook,GOVERN-3.1,21 22 23,32
KDJ-AI-2026E1-P02-C09-S13-E3D71175,KDJ-AI-2026E1-P02-C09-S13,source_translation,NIST-AI-RMF-PLAYBOOK,NIST AI RMF Playbook,AI RMF Playbook,GOVERN-3.2,23 24 25,30
KDJ-AI-2026E1-P02-C09-S14-AB9BCC16,KDJ-AI-2026E1-P02-C09-S14,source_translation,NIST-AI-RMF-PLAYBOOK,NIST AI RMF Playbook,AI RMF Playbook,GOVERN-4.1,25 26,30
KDJ-AI-2026E1-P02-C09-S15-08B2E061,KDJ-AI-2026E1-P02-C09-S15,source_translation,NIST-AI-RMF-PLAYBOOK,NIST AI RMF Playbook,AI RMF Playbook,GOVERN-4.2,26 27 28,40
KDJ-AI-2026E1-P02-C09-S16-D8D4FB56,KDJ-AI-2026E1-P02-C09-S16,source_translation,NIST-AI-RMF-PLAYBOOK,NIST AI RMF Playbook,AI RMF Playbook,GOVERN-4.3,29 30,29
KDJ-AI-2026E1-P02-C09-S17-CDF82215,KDJ-AI-2026E1-P02-C09-S17,source_translation,NIST-AI-RMF-PLAYBOOK,NIST AI RMF Playbook,AI RMF Playbook,GOVERN-5.1,30 31 32,36
KDJ-AI-2026E1-P02-C09-S18-72397DF8,KDJ-AI-2026E1-P02-C09-S18,source_translation,NIST-AI-RMF-PLAYBOOK,NIST AI RMF Playbook,AI RMF Playbook,GOVERN-5.2,32 33 34,30
KDJ-AI-2026E1-P02-C09-S19-9D4FD3F0,KDJ-AI-2026E1-P02-C09-S19,source_translation,NIST-AI-RMF-PLAYBOOK,NIST AI RMF Playbook,AI RMF Playbook,GOVERN-6.1,34 35,31
KDJ-AI-2026E1-P02-C09-S20-924D0834,KDJ-AI-2026E1-P02-C09-S20,source_translation,NIST-AI-RMF-PLAYBOOK,NIST AI RMF Playbook,AI RMF Playbook,GOVERN-6.2,35 36 37 38,24
KDJ-AI-2026E1-P02-C10-S01-CB96335E,KDJ-AI-2026E1-P02-C10-S01,source_translation,NIST-AI-RMF-PLAYBOOK,NIST AI RMF Playbook,AI RMF Playbook,MANAGE-1.1,38 39,27
KDJ-AI-2026E1-P02-C10-S02-0071AA62,KDJ-AI-2026E1-P02-C10-S02,source_translation,NIST-AI-RMF-PLAYBOOK,NIST AI RMF Playbook,AI RMF Playbook,MANAGE-1.2,39 40,25
KDJ-AI-2026E1-P02-C10-S03-F6D9B361,KDJ-AI-2026E1-P02-C10-S03,source_translation,NIST-AI-RMF-PLAYBOOK,NIST AI RMF Playbook,AI RMF Playbook,MANAGE-1.3,40 41 42,25
KDJ-AI-2026E1-P02-C10-S04-F726E88B,KDJ-AI-2026E1-P02-C10-S04,source_translation,NIST-AI-RMF-PLAYBOOK,NIST AI RMF Playbook,AI RMF Playbook,MANAGE-1.4,42 43,26
KDJ-AI-2026E1-P02-C10-S05-58410C64,KDJ-AI-2026E1-P02-C10-S05,source_translation,NIST-AI-RMF-PLAYBOOK,NIST AI RMF Playbook,AI RMF Playbook,MANAGE-2.1,43 44 45,32
KDJ-AI-2026E1-P02-C10-S06-C7C8A931,KDJ-AI-2026E1-P02-C10-S06,source_translation,NIST-AI-RMF-PLAYBOOK,NIST AI RMF Playbook,AI RMF Playbook,MANAGE-2.2,45 46 47 48 49 50,103
KDJ-AI-2026E1-P02-C10-S07-E9A8A4DB,KDJ-AI-2026E1-P02-C10-S07,source_translation,NIST-AI-RMF-PLAYBOOK,NIST AI RMF Playbook,AI RMF Playbook,MANAGE-2.3,51 52,28
KDJ-AI-2026E1-P02-C10-S08-B766E4AE,KDJ-AI-2026E1-P02-C10-S08,source_translation,NIST-AI-RMF-PLAYBOOK,NIST AI RMF Playbook,AI RMF Playbook,MANAGE-2.4,52 53 54,30
KDJ-AI-2026E1-P02-C10-S09-EDAA7079,KDJ-AI-2026E1-P02-C10-S09,source_translation,NIST-AI-RMF-PLAYBOOK,NIST AI RMF Playbook,AI RMF Playbook,MANAGE-3.1,54 55,27
KDJ-AI-2026E1-P02-C10-S10-A351F886,KDJ-AI-2026E1-P02-C10-S10,source_translation,NIST-AI-RMF-PLAYBOOK,NIST AI RMF Playbook,AI RMF Playbook,MANAGE-3.2,55 56,22
KDJ-AI-2026E1-P02-C10-S11-4266A17E,KDJ-AI-2026E1-P02-C10-S11,source_translation,NIST-AI-RMF-PLAYBOOK,NIST AI RMF Playbook,AI RMF Playbook,MANAGE-4.1,56 57,23
KDJ-AI-2026E1-P02-C10-S12-6408DBFB,KDJ-AI-2026E1-P02-C10-S12,source_translation,NIST-AI-RMF-PLAYBOOK,NIST AI RMF Playbook,AI RMF Playbook,MANAGE-4.2,57 58,23
KDJ-AI-2026E1-P02-C10-S13-3AF2AE74,KDJ-AI-2026E1-P02-C10-S13,source_translation,NIST-AI-RMF-PLAYBOOK,NIST AI RMF Playbook,AI RMF Playbook,MANAGE-4.3,59 60 62,27
KDJ-AI-2026E1-P02-C11-S01-88BD2E1E,KDJ-AI-2026E1-P02-C11-S01,source_translation,NIST-AI-RMF-PLAYBOOK,NIST AI RMF Playbook,AI RMF Playbook,MAP-1.1,62 63 64 65 66,79
KDJ-AI-2026E1-P02-C11-S02-D1258926,KDJ-AI-2026E1-P02-C11-S02,source_translation,NIST-AI-RMF-PLAYBOOK,NIST AI RMF Playbook,AI RMF Playbook,MAP-1.2,66 67,27
KDJ-AI-2026E1-P02-C11-S03-81B87DD4,KDJ-AI-2026E1-P02-C11-S03,source_translation,NIST-AI-RMF-PLAYBOOK,NIST AI RMF Playbook,AI RMF Playbook,MAP-1.3,67 68 69,26
KDJ-AI-2026E1-P02-C11-S04-D8D92ADA,KDJ-AI-2026E1-P02-C11-S04,source_translation,NIST-AI-RMF-PLAYBOOK,NIST AI RMF Playbook,AI RMF Playbook,MAP-1.4,69 70,23
KDJ-AI-2026E1-P02-C11-S05-B328D333,KDJ-AI-2026E1-P02-C11-S05,source_translation,NIST-AI-RMF-PLAYBOOK,NIST AI RMF Playbook,AI RMF Playbook,MAP-1.5,70 71 72,32
KDJ-AI-2026E1-P02-C11-S06-E011866C,KDJ-AI-2026E1-P02-C11-S06,source_translation,NIST-AI-RMF-PLAYBOOK,NIST AI RMF Playbook,AI RMF Playbook,MAP-1.6,72 73 74,34
KDJ-AI-2026E1-P02-C11-S07-B6A51385,KDJ-AI-2026E1-P02-C11-S07,source_translation,NIST-AI-RMF-PLAYBOOK,NIST AI RMF Playbook,AI RMF Playbook,MAP-2.1,74 75,22
KDJ-AI-2026E1-P02-C11-S08-4FBB7F5A,KDJ-AI-2026E1-P02-C11-S08,source_translation,NIST-AI-RMF-PLAYBOOK,NIST AI RMF Playbook,AI RMF Playbook,MAP-2.2,75 76 77 78,40
KDJ-AI-2026E1-P02-C11-S09-1C17BD6D,KDJ-AI-2026E1-P02-C11-S09,source_translation,NIST-AI-RMF-PLAYBOOK,NIST AI RMF Playbook,AI RMF Playbook,MAP-2.3,78 79 80 81,62
KDJ-AI-2026E1-P02-C11-S10-25521F99,KDJ-AI-2026E1-P02-C11-S10,source_translation,NIST-AI-RMF-PLAYBOOK,NIST AI RMF Playbook,AI RMF Playbook,MAP-3.1,81 82 83,28
KDJ-AI-2026E1-P02-C11-S11-DCC947DB,KDJ-AI-2026E1-P02-C11-S11,source_translation,NIST-AI-RMF-PLAYBOOK,NIST AI RMF Playbook,AI RMF Playbook,MAP-3.2,83 84,27
KDJ-AI-2026E1-P02-C11-S12-847DF45C,KDJ-AI-2026E1-P02-C11-S12,source_translation,NIST-AI-RMF-PLAYBOOK,NIST AI RMF Playbook,AI RMF Playbook,MAP-3.3,84 85 86,24
KDJ-AI-2026E1-P02-C11-S13-1127510B,KDJ-AI-2026E1-P02-C11-S13,source_translation,NIST-AI-RMF-PLAYBOOK,NIST AI RMF Playbook,AI RMF Playbook,MAP-3.4,86 87 88,40
KDJ-AI-2026E1-P02-C11-S14-CCC6DED1,KDJ-AI-2026E1-P02-C11-S14,source_translation,NIST-AI-RMF-PLAYBOOK,NIST AI RMF Playbook,AI RMF Playbook,MAP-3.5,88 89 90,29
KDJ-AI-2026E1-P02-C11-S15-C4280418,KDJ-AI-2026E1-P02-C11-S15,source_translation,NIST-AI-RMF-PLAYBOOK,NIST AI RMF Playbook,AI RMF Playbook,MAP-4.1,90 91 92,27
KDJ-AI-2026E1-P02-C11-S16-5787542E,KDJ-AI-2026E1-P02-C11-S16,source_translation,NIST-AI-RMF-PLAYBOOK,NIST AI RMF Playbook,AI RMF Playbook,MAP-4.2,92 93,22
KDJ-AI-2026E1-P02-C11-S17-47A08D7C,KDJ-AI-2026E1-P02-C11-S17,source_translation,NIST-AI-RMF-PLAYBOOK,NIST AI RMF Playbook,AI RMF Playbook,MAP-5.1,93 94,26
KDJ-AI-2026E1-P02-C11-S18-CFB35DDF,KDJ-AI-2026E1-P02-C11-S18,source_translation,NIST-AI-RMF-PLAYBOOK,NIST AI RMF Playbook,AI RMF Playbook,MAP-5.2,94 95 96 98,39
KDJ-AI-2026E1-P02-C12-S01-6FAB79CD,KDJ-AI-2026E1-P02-C12-S01,source_translation,NIST-AI-RMF-PLAYBOOK,NIST AI RMF Playbook,AI RMF Playbook,MEASURE-1.1,98 99 100,36
KDJ-AI-2026E1-P02-C12-S02-44B9E00D,KDJ-AI-2026E1-P02-C12-S02,source_translation,NIST-AI-RMF-PLAYBOOK,NIST AI RMF Playbook,AI RMF Playbook,MEASURE-1.2,100 101,29
KDJ-AI-2026E1-P02-C12-S03-DD27F201,KDJ-AI-2026E1-P02-C12-S03,source_translation,NIST-AI-RMF-PLAYBOOK,NIST AI RMF Playbook,AI RMF Playbook,MEASURE-1.3,101 102 103,30
KDJ-AI-2026E1-P02-C12-S04-7255C383,KDJ-AI-2026E1-P02-C12-S04,source_translation,NIST-AI-RMF-PLAYBOOK,NIST AI RMF Playbook,AI RMF Playbook,MEASURE-2.1,103 104,26
KDJ-AI-2026E1-P02-C12-S05-77F6C7C8,KDJ-AI-2026E1-P02-C12-S05,source_translation,NIST-AI-RMF-PLAYBOOK,NIST AI RMF Playbook,AI RMF Playbook,MEASURE-2.2,104 105 106 107,47
KDJ-AI-2026E1-P02-C12-S06-051C8B22,KDJ-AI-2026E1-P02-C12-S06,source_translation,NIST-AI-RMF-PLAYBOOK,NIST AI RMF Playbook,AI RMF Playbook,MEASURE-2.3,107 108 109,40
KDJ-AI-2026E1-P02-C12-S07-6F905422,KDJ-AI-2026E1-P02-C12-S07,source_translation,NIST-AI-RMF-PLAYBOOK,NIST AI RMF Playbook,AI RMF Playbook,MEASURE-2.4,109 110,24
KDJ-AI-2026E1-P02-C12-S08-41FC2DD6,KDJ-AI-2026E1-P02-C12-S08,source_translation,NIST-AI-RMF-PLAYBOOK,NIST AI RMF Playbook,AI RMF Playbook,MEASURE-2.5,111 112 113,52
KDJ-AI-2026E1-P02-C12-S09-7EA765F8,KDJ-AI-2026E1-P02-C12-S09,source_translation,NIST-AI-RMF-PLAYBOOK,NIST AI RMF Playbook,AI RMF Playbook,MEASURE-2.6,113 114 115,37
KDJ-AI-2026E1-P02-C12-S10-4E9C090D,KDJ-AI-2026E1-P02-C12-S10,source_translation,NIST-AI-RMF-PLAYBOOK,NIST AI RMF Playbook,AI RMF Playbook,MEASURE-2.7,115 116 117,40
KDJ-AI-2026E1-P02-C12-S11-60E3B64A,KDJ-AI-2026E1-P02-C12-S11,source_translation,NIST-AI-RMF-PLAYBOOK,NIST AI RMF Playbook,AI RMF Playbook,MEASURE-2.8,117 118 119,37
KDJ-AI-2026E1-P02-C12-S12-54ECF270,KDJ-AI-2026E1-P02-C12-S12,source_translation,NIST-AI-RMF-PLAYBOOK,NIST AI RMF Playbook,AI RMF Playbook,MEASURE-2.9,120 121 122 123,50
KDJ-AI-2026E1-P02-C12-S13-C3991E8A,KDJ-AI-2026E1-P02-C12-S13,source_translation,NIST-AI-RMF-PLAYBOOK,NIST AI RMF Playbook,AI RMF Playbook,MEASURE-2.10,123 124 125 126,41
KDJ-AI-2026E1-P02-C12-S14-61C3C412,KDJ-AI-2026E1-P02-C12-S14,source_translation,NIST-AI-RMF-PLAYBOOK,NIST AI RMF Playbook,AI RMF Playbook,MEASURE-2.11,126 127 128 129 130 131,102
KDJ-AI-2026E1-P02-C12-S15-30A43119,KDJ-AI-2026E1-P02-C12-S15,source_translation,NIST-AI-RMF-PLAYBOOK,NIST AI RMF Playbook,AI RMF Playbook,MEASURE-2.12,131 132 133,29
KDJ-AI-2026E1-P02-C12-S16-677F4807,KDJ-AI-2026E1-P02-C12-S16,source_translation,NIST-AI-RMF-PLAYBOOK,NIST AI RMF Playbook,AI RMF Playbook,MEASURE-2.13,133 134,26
KDJ-AI-2026E1-P02-C12-S17-82FD75C5,KDJ-AI-2026E1-P02-C12-S17,source_translation,NIST-AI-RMF-PLAYBOOK,NIST AI RMF Playbook,AI RMF Playbook,MEASURE-3.1,134 135 136,29
KDJ-AI-2026E1-P02-C12-S18-64919527,KDJ-AI-2026E1-P02-C12-S18,source_translation,NIST-AI-RMF-PLAYBOOK,NIST AI RMF Playbook,AI RMF Playbook,MEASURE-3.2,136 137,36
KDJ-AI-2026E1-P02-C12-S19-E9751956,KDJ-AI-2026E1-P02-C12-S19,source_translation,NIST-AI-RMF-PLAYBOOK,NIST AI RMF Playbook,AI RMF Playbook,MEASURE-3.3,137 138 139,31
KDJ-AI-2026E1-P02-C12-S20-40F1AD4B,KDJ-AI-2026E1-P02-C12-S20,source_translation,NIST-AI-RMF-PLAYBOOK,NIST AI RMF Playbook,AI RMF Playbook,MEASURE-4.1,139 140 141 142,49
KDJ-AI-2026E1-P02-C12-S21-61DD947E,KDJ-AI-2026E1-P02-C12-S21,source_translation,NIST-AI-RMF-PLAYBOOK,NIST AI RMF Playbook,AI RMF Playbook,MEASURE-4.2,142 143 144 145,40
KDJ-AI-2026E1-P02-C12-S22-72BC64B2,KDJ-AI-2026E1-P02-C12-S22,source_translation,NIST-AI-RMF-PLAYBOOK,NIST AI RMF Playbook,AI RMF Playbook,MEASURE-4.3,145 146 147,41
KDJ-AI-2026E1-P02-C13-S01-92349B86,KDJ-AI-2026E1-P02-C13-S01,source_translation,NIST-AI-600-1,NIST AI 600-1,Artificial Intelligence Risk Management Framework: Generative Artificial Intelligence Profile,FM,1 2,6
KDJ-AI-2026E1-P02-C13-S02-C4D90480,KDJ-AI-2026E1-P02-C13-S02,source_translation,NIST-AI-600-1,NIST AI 600-1,Artificial Intelligence Risk Management Framework: Generative Artificial Intelligence Profile,ARTIFICIALINTELLIGENCERISKMA,2 3 4,19
KDJ-AI-2026E1-P02-C13-S03-079D62F3,KDJ-AI-2026E1-P02-C13-S03,source_translation,NIST-AI-600-1,NIST AI 600-1,Artificial Intelligence Risk Management Framework: Generative Artificial Intelligence Profile,1,5 6,11
KDJ-AI-2026E1-P02-C13-S04-DC751B1D,KDJ-AI-2026E1-P02-C13-S04,source_translation,NIST-AI-600-1,NIST AI 600-1,Artificial Intelligence Risk Management Framework: Generative Artificial Intelligence Profile,2,6 7 8 9,26
KDJ-AI-2026E1-P02-C13-S05-220ECFB0,KDJ-AI-2026E1-P02-C13-S05,source_translation,NIST-AI-600-1,NIST AI 600-1,Artificial Intelligence Risk Management Framework: Generative Artificial Intelligence Profile,2.1,9,6
KDJ-AI-2026E1-P02-C13-S06-9F1BFDE0,KDJ-AI-2026E1-P02-C13-S06,source_translation,NIST-AI-600-1,NIST AI 600-1,Artificial Intelligence Risk Management Framework: Generative Artificial Intelligence Profile,2.2,10,7
KDJ-AI-2026E1-P02-C13-S07-0CAE65BD,KDJ-AI-2026E1-P02-C13-S07,source_translation,NIST-AI-600-1,NIST AI 600-1,Artificial Intelligence Risk Management Framework: Generative Artificial Intelligence Profile,2.3,10 11,6
KDJ-AI-2026E1-P02-C13-S08-BF53E7DA,KDJ-AI-2026E1-P02-C13-S08,source_translation,NIST-AI-600-1,NIST AI 600-1,Artificial Intelligence Risk Management Framework: Generative Artificial Intelligence Profile,2.4,11 12,6
KDJ-AI-2026E1-P02-C13-S09-932190C4,KDJ-AI-2026E1-P02-C13-S09,source_translation,NIST-AI-600-1,NIST AI 600-1,Artificial Intelligence Risk Management Framework: Generative Artificial Intelligence Profile,2.5,12,5
KDJ-AI-2026E1-P02-C13-S10-60F951C8,KDJ-AI-2026E1-P02-C13-S10,source_translation,NIST-AI-600-1,NIST AI 600-1,Artificial Intelligence Risk Management Framework: Generative Artificial Intelligence Profile,2.6,12 13,6
KDJ-AI-2026E1-P02-C13-S11-BC864942,KDJ-AI-2026E1-P02-C13-S11,source_translation,NIST-AI-600-1,NIST AI 600-1,Artificial Intelligence Risk Management Framework: Generative Artificial Intelligence Profile,2.7,13,5
KDJ-AI-2026E1-P02-C13-S12-37B0772E,KDJ-AI-2026E1-P02-C13-S12,source_translation,NIST-AI-600-1,NIST AI 600-1,Artificial Intelligence Risk Management Framework: Generative Artificial Intelligence Profile,2.8,13 14,8
KDJ-AI-2026E1-P02-C13-S13-61A96B53,KDJ-AI-2026E1-P02-C13-S13,source_translation,NIST-AI-600-1,NIST AI 600-1,Artificial Intelligence Risk Management Framework: Generative Artificial Intelligence Profile,2.9,14 15,8
KDJ-AI-2026E1-P02-C13-S14-35C6CDDE,KDJ-AI-2026E1-P02-C13-S14,source_translation,NIST-AI-600-1,NIST AI 600-1,Artificial Intelligence Risk Management Framework: Generative Artificial Intelligence Profile,2.10,15,3
KDJ-AI-2026E1-P02-C13-S15-7A07FED7,KDJ-AI-2026E1-P02-C13-S15,source_translation,NIST-AI-600-1,NIST AI 600-1,Artificial Intelligence Risk Management Framework: Generative Artificial Intelligence Profile,2.11,15 16,5
KDJ-AI-2026E1-P02-C13-S16-6222628C,KDJ-AI-2026E1-P02-C13-S16,source_translation,NIST-AI-600-1,NIST AI 600-1,Artificial Intelligence Risk Management Framework: Generative Artificial Intelligence Profile,2.12,16,4
KDJ-AI-2026E1-P02-C13-S17-121BDB1C,KDJ-AI-2026E1-P02-C13-S17,source_translation,NIST-AI-600-1,NIST AI 600-1,Artificial Intelligence Risk Management Framework: Generative Artificial Intelligence Profile,3,16 17 18 19 20 21 22 23 24 25 26 27 28 29 30 31 32 33 34 35 36 37 38 39 40 41 42 43 44 45 46 47 48 49 50,148
KDJ-AI-2026E1-P02-C13-S18-EB00DA70,KDJ-AI-2026E1-P02-C13-S18,source_translation,NIST-AI-600-1,NIST AI 600-1,Artificial Intelligence Risk Management Framework: Generative Artificial Intelligence Profile,APPA,51,3
KDJ-AI-2026E1-P02-C13-S19-717536F5,KDJ-AI-2026E1-P02-C13-S19,source_translation,NIST-AI-600-1,NIST AI 600-1,Artificial Intelligence Risk Management Framework: Generative Artificial Intelligence Profile,A1GOVERNANCE,51 52 53 54 55 56 57,83
KDJ-AI-2026E1-P02-C13-S20-E58D257A,KDJ-AI-2026E1-P02-C13-S20,source_translation,NIST-AI-600-1,NIST AI 600-1,Artificial Intelligence Risk Management Framework: Generative Artificial Intelligence Profile,APPB,58 59 60 61 62 63 64,102
KDJ-AI-2026E1-P02-C14-S01-3A36956B,KDJ-AI-2026E1-P02-C14-S01,editorial_synthesis,NIST-AI-100-1,NIST AI 100-1,Artificial Intelligence Risk Management Framework (AI RMF 1.0),,,0
KDJ-AI-2026E1-P02-C14-S01-3A36956B,KDJ-AI-2026E1-P02-C14-S01,editorial_synthesis,NIST-AI-RMF-PLAYBOOK,NIST AI RMF Playbook,AI RMF Playbook,,,0
KDJ-AI-2026E1-P02-C14-S01-3A36956B,KDJ-AI-2026E1-P02-C14-S01,editorial_synthesis,NIST-AI-600-1,NIST AI 600-1,Artificial Intelligence Risk Management Framework: Generative Artificial Intelligence Profile,,,0
KDJ-AI-2026E1-P02-C14-S02-81E35C05,KDJ-AI-2026E1-P02-C14-S02,editorial_synthesis,NIST-AI-100-1,NIST AI 100-1,Artificial Intelligence Risk Management Framework (AI RMF 1.0),,,0
KDJ-AI-2026E1-P02-C14-S02-81E35C05,KDJ-AI-2026E1-P02-C14-S02,editorial_synthesis,NIST-AI-RMF-PLAYBOOK,NIST AI RMF Playbook,AI RMF Playbook,,,0
KDJ-AI-2026E1-P02-C14-S02-81E35C05,KDJ-AI-2026E1-P02-C14-S02,editorial_synthesis,NIST-AI-600-1,NIST AI 600-1,Artificial Intelligence Risk Management Framework: Generative Artificial Intelligence Profile,,,0
KDJ-AI-2026E1-P02-C14-S03-D7B8E6FD,KDJ-AI-2026E1-P02-C14-S03,editorial_synthesis,NIST-AI-100-1,NIST AI 100-1,Artificial Intelligence Risk Management Framework (AI RMF 1.0),,,0
KDJ-AI-2026E1-P02-C14-S03-D7B8E6FD,KDJ-AI-2026E1-P02-C14-S03,editorial_synthesis,NIST-AI-RMF-PLAYBOOK,NIST AI RMF Playbook,AI RMF Playbook,,,0
KDJ-AI-2026E1-P02-C14-S03-D7B8E6FD,KDJ-AI-2026E1-P02-C14-S03,editorial_synthesis,NIST-AI-600-1,NIST AI 600-1,Artificial Intelligence Risk Management Framework: Generative Artificial Intelligence Profile,,,0
KDJ-AI-2026E1-P02-C15-S01-A35E56FE,KDJ-AI-2026E1-P02-C15-S01,editorial_synthesis,NIST-AI-100-1,NIST AI 100-1,Artificial Intelligence Risk Management Framework (AI RMF 1.0),,,0
KDJ-AI-2026E1-P02-C15-S01-A35E56FE,KDJ-AI-2026E1-P02-C15-S01,editorial_synthesis,NIST-AI-RMF-PLAYBOOK,NIST AI RMF Playbook,AI RMF Playbook,,,0
KDJ-AI-2026E1-P02-C15-S01-A35E56FE,KDJ-AI-2026E1-P02-C15-S01,editorial_synthesis,NIST-AI-600-1,NIST AI 600-1,Artificial Intelligence Risk Management Framework: Generative Artificial Intelligence Profile,,,0
KDJ-AI-2026E1-P02-C16-S01-B8B3D5EA,KDJ-AI-2026E1-P02-C16-S01,editorial_localization_ir,NIST-AI-100-1,NIST AI 100-1,Artificial Intelligence Risk Management Framework (AI RMF 1.0),,,0
KDJ-AI-2026E1-P02-C16-S01-B8B3D5EA,KDJ-AI-2026E1-P02-C16-S01,editorial_localization_ir,NIST-AI-RMF-PLAYBOOK,NIST AI RMF Playbook,AI RMF Playbook,,,0
KDJ-AI-2026E1-P02-C16-S01-B8B3D5EA,KDJ-AI-2026E1-P02-C16-S01,editorial_localization_ir,NIST-AI-600-1,NIST AI 600-1,Artificial Intelligence Risk Management Framework: Generative Artificial Intelligence Profile,,,0
KDJ-AI-2026E1-P02-C16-S02-28D5D8E2,KDJ-AI-2026E1-P02-C16-S02,editorial_localization_ir,NIST-AI-100-1,NIST AI 100-1,Artificial Intelligence Risk Management Framework (AI RMF 1.0),,,0
KDJ-AI-2026E1-P02-C16-S02-28D5D8E2,KDJ-AI-2026E1-P02-C16-S02,editorial_localization_ir,NIST-AI-RMF-PLAYBOOK,NIST AI RMF Playbook,AI RMF Playbook,,,0
KDJ-AI-2026E1-P02-C16-S02-28D5D8E2,KDJ-AI-2026E1-P02-C16-S02,editorial_localization_ir,NIST-AI-600-1,NIST AI 600-1,Artificial Intelligence Risk Management Framework: Generative Artificial Intelligence Profile,,,0
KDJ-AI-2026E1-P02-C16-S03-99BB79CF,KDJ-AI-2026E1-P02-C16-S03,editorial_localization_ir,NIST-AI-100-1,NIST AI 100-1,Artificial Intelligence Risk Management Framework (AI RMF 1.0),,,0
KDJ-AI-2026E1-P02-C16-S03-99BB79CF,KDJ-AI-2026E1-P02-C16-S03,editorial_localization_ir,NIST-AI-RMF-PLAYBOOK,NIST AI RMF Playbook,AI RMF Playbook,,,0
KDJ-AI-2026E1-P02-C16-S03-99BB79CF,KDJ-AI-2026E1-P02-C16-S03,editorial_localization_ir,NIST-AI-600-1,NIST AI 600-1,Artificial Intelligence Risk Management Framework: Generative Artificial Intelligence Profile,,,0
KDJ-AI-2026E1-P02-C16-S04-2969D71A,KDJ-AI-2026E1-P02-C16-S04,editorial_localization_ir,NIST-AI-100-1,NIST AI 100-1,Artificial Intelligence Risk Management Framework (AI RMF 1.0),,,0
KDJ-AI-2026E1-P02-C16-S04-2969D71A,KDJ-AI-2026E1-P02-C16-S04,editorial_localization_ir,NIST-AI-RMF-PLAYBOOK,NIST AI RMF Playbook,AI RMF Playbook,,,0
KDJ-AI-2026E1-P02-C16-S04-2969D71A,KDJ-AI-2026E1-P02-C16-S04,editorial_localization_ir,NIST-AI-600-1,NIST AI 600-1,Artificial Intelligence Risk Management Framework: Generative Artificial Intelligence Profile,,,0
KDJ-AI-2026E1-P02-C16-S05-823C95BD,KDJ-AI-2026E1-P02-C16-S05,editorial_localization_ir,NIST-AI-100-1,NIST AI 100-1,Artificial Intelligence Risk Management Framework (AI RMF 1.0),,,0
KDJ-AI-2026E1-P02-C16-S05-823C95BD,KDJ-AI-2026E1-P02-C16-S05,editorial_localization_ir,NIST-AI-RMF-PLAYBOOK,NIST AI RMF Playbook,AI RMF Playbook,,,0
KDJ-AI-2026E1-P02-C16-S05-823C95BD,KDJ-AI-2026E1-P02-C16-S05,editorial_localization_ir,NIST-AI-600-1,NIST AI 600-1,Artificial Intelligence Risk Management Framework: Generative Artificial Intelligence Profile,,,0
KDJ-AI-2026E1-P02-C16-S06-CB34A49D,KDJ-AI-2026E1-P02-C16-S06,editorial_localization_ir,NIST-AI-100-1,NIST AI 100-1,Artificial Intelligence Risk Management Framework (AI RMF 1.0),,,0
KDJ-AI-2026E1-P02-C16-S06-CB34A49D,KDJ-AI-2026E1-P02-C16-S06,editorial_localization_ir,NIST-AI-RMF-PLAYBOOK,NIST AI RMF Playbook,AI RMF Playbook,,,0
KDJ-AI-2026E1-P02-C16-S06-CB34A49D,KDJ-AI-2026E1-P02-C16-S06,editorial_localization_ir,NIST-AI-600-1,NIST AI 600-1,Artificial Intelligence Risk Management Framework: Generative Artificial Intelligence Profile,,,0
KDJ-AI-2026E1-P02-C16-S07-52435AD8,KDJ-AI-2026E1-P02-C16-S07,editorial_localization_ir,NIST-AI-100-1,NIST AI 100-1,Artificial Intelligence Risk Management Framework (AI RMF 1.0),,,0
KDJ-AI-2026E1-P02-C16-S07-52435AD8,KDJ-AI-2026E1-P02-C16-S07,editorial_localization_ir,NIST-AI-RMF-PLAYBOOK,NIST AI RMF Playbook,AI RMF Playbook,,,0
KDJ-AI-2026E1-P02-C16-S07-52435AD8,KDJ-AI-2026E1-P02-C16-S07,editorial_localization_ir,NIST-AI-600-1,NIST AI 600-1,Artificial Intelligence Risk Management Framework: Generative Artificial Intelligence Profile,,,0
KDJ-AI-2026E1-P02-C16-S08-79D3418F,KDJ-AI-2026E1-P02-C16-S08,editorial_localization_ir,NIST-AI-100-1,NIST AI 100-1,Artificial Intelligence Risk Management Framework (AI RMF 1.0),,,0
KDJ-AI-2026E1-P02-C16-S08-79D3418F,KDJ-AI-2026E1-P02-C16-S08,editorial_localization_ir,NIST-AI-RMF-PLAYBOOK,NIST AI RMF Playbook,AI RMF Playbook,,,0
KDJ-AI-2026E1-P02-C16-S08-79D3418F,KDJ-AI-2026E1-P02-C16-S08,editorial_localization_ir,NIST-AI-600-1,NIST AI 600-1,Artificial Intelligence Risk Management Framework: Generative Artificial Intelligence Profile,,,0
KDJ-AI-2026E1-P02-C16-S09-F5BE4808,KDJ-AI-2026E1-P02-C16-S09,editorial_localization_ir,NIST-AI-100-1,NIST AI 100-1,Artificial Intelligence Risk Management Framework (AI RMF 1.0),,,0
KDJ-AI-2026E1-P02-C16-S09-F5BE4808,KDJ-AI-2026E1-P02-C16-S09,editorial_localization_ir,NIST-AI-RMF-PLAYBOOK,NIST AI RMF Playbook,AI RMF Playbook,,,0
KDJ-AI-2026E1-P02-C16-S09-F5BE4808,KDJ-AI-2026E1-P02-C16-S09,editorial_localization_ir,NIST-AI-600-1,NIST AI 600-1,Artificial Intelligence Risk Management Framework: Generative Artificial Intelligence Profile,,,0
KDJ-AI-2026E1-P03-C17-S01-B0F84ACA,KDJ-AI-2026E1-P03-C17-S01,editorial_synthesis,NIST-AI-100-2E2025,NIST AI 100-2e2025,Adversarial Machine Learning,,,0
KDJ-AI-2026E1-P03-C17-S01-B0F84ACA,KDJ-AI-2026E1-P03-C17-S01,editorial_synthesis,NIST-AI-800-1-IPD,NIST AI 800-1 ipd,Managing Misuse Risk for Dual-Use Foundation Models,,,0
KDJ-AI-2026E1-P03-C17-S01-B0F84ACA,KDJ-AI-2026E1-P03-C17-S01,editorial_synthesis,NIST-SP-800-218A,NIST SP 800-218A,Secure Software Development Practices for Generative AI and Dual-Use Foundation Models,,,0
KDJ-AI-2026E1-P03-C17-S02-FA32D05E,KDJ-AI-2026E1-P03-C17-S02,editorial_synthesis,NIST-AI-100-2E2025,NIST AI 100-2e2025,Adversarial Machine Learning,,,0
KDJ-AI-2026E1-P03-C17-S02-FA32D05E,KDJ-AI-2026E1-P03-C17-S02,editorial_synthesis,NIST-AI-800-1-IPD,NIST AI 800-1 ipd,Managing Misuse Risk for Dual-Use Foundation Models,,,0
KDJ-AI-2026E1-P03-C17-S02-FA32D05E,KDJ-AI-2026E1-P03-C17-S02,editorial_synthesis,NIST-SP-800-218A,NIST SP 800-218A,Secure Software Development Practices for Generative AI and Dual-Use Foundation Models,,,0
KDJ-AI-2026E1-P03-C17-S03-82429293,KDJ-AI-2026E1-P03-C17-S03,editorial_synthesis,NIST-AI-100-2E2025,NIST AI 100-2e2025,Adversarial Machine Learning,,,0
KDJ-AI-2026E1-P03-C17-S03-82429293,KDJ-AI-2026E1-P03-C17-S03,editorial_synthesis,NIST-AI-800-1-IPD,NIST AI 800-1 ipd,Managing Misuse Risk for Dual-Use Foundation Models,,,0
KDJ-AI-2026E1-P03-C17-S03-82429293,KDJ-AI-2026E1-P03-C17-S03,editorial_synthesis,NIST-SP-800-218A,NIST SP 800-218A,Secure Software Development Practices for Generative AI and Dual-Use Foundation Models,,,0
KDJ-AI-2026E1-P03-C18-S01-9EBB2155,KDJ-AI-2026E1-P03-C18-S01,source_translation,NIST-AI-100-2E2025,NIST AI 100-2e2025,Adversarial Machine Learning,FM,1 2 3 4 7 8 9 10 11,74
KDJ-AI-2026E1-P03-C18-S02-EBB0A761,KDJ-AI-2026E1-P03-C18-S02,source_translation,NIST-AI-100-2E2025,NIST AI 100-2e2025,Adversarial Machine Learning,2,12 13,9
KDJ-AI-2026E1-P03-C19-S01-032EAF3A,KDJ-AI-2026E1-P03-C19-S01,source_translation,NIST-AI-100-2E2025,NIST AI 100-2e2025,Adversarial Machine Learning,1,14 15 16 17,21
KDJ-AI-2026E1-P03-C20-S01-0DC3B9B4,KDJ-AI-2026E1-P03-C20-S01,source_translation,NIST-AI-100-2E2025,NIST AI 100-2e2025,Adversarial Machine Learning,2.1,17 18,6
KDJ-AI-2026E1-P03-C20-S02-B58240E8,KDJ-AI-2026E1-P03-C20-S02,source_translation,NIST-AI-100-2E2025,NIST AI 100-2e2025,Adversarial Machine Learning,2.1.1,18 19,8
KDJ-AI-2026E1-P03-C20-S03-1C6A233C,KDJ-AI-2026E1-P03-C20-S03,source_translation,NIST-AI-100-2E2025,NIST AI 100-2e2025,Adversarial Machine Learning,2.1.2,19 20,7
KDJ-AI-2026E1-P03-C20-S04-3D556E97,KDJ-AI-2026E1-P03-C20-S04,source_translation,NIST-AI-100-2E2025,NIST AI 100-2e2025,Adversarial Machine Learning,2.1.3,20 21,10
KDJ-AI-2026E1-P03-C20-S05-636F2118,KDJ-AI-2026E1-P03-C20-S05,source_translation,NIST-AI-100-2E2025,NIST AI 100-2e2025,Adversarial Machine Learning,2.1.4,21 22,5
KDJ-AI-2026E1-P03-C20-S06-8DE9B5FF,KDJ-AI-2026E1-P03-C20-S06,source_translation,NIST-AI-100-2E2025,NIST AI 100-2e2025,Adversarial Machine Learning,2.1.5,22 23 24,14
KDJ-AI-2026E1-P03-C20-S07-3B73DC25,KDJ-AI-2026E1-P03-C20-S07,source_translation,NIST-AI-100-2E2025,NIST AI 100-2e2025,Adversarial Machine Learning,2.2,24 25,5
KDJ-AI-2026E1-P03-C20-S08-ADCCAA04,KDJ-AI-2026E1-P03-C20-S08,source_translation,NIST-AI-100-2E2025,NIST AI 100-2e2025,Adversarial Machine Learning,2.2.1,25 26 27 28,17
KDJ-AI-2026E1-P03-C20-S09-F5A1A548,KDJ-AI-2026E1-P03-C20-S09,source_translation,NIST-AI-100-2E2025,NIST AI 100-2e2025,Adversarial Machine Learning,2.2.2,28,5
KDJ-AI-2026E1-P03-C20-S10-55C0BFC6,KDJ-AI-2026E1-P03-C20-S10,source_translation,NIST-AI-100-2E2025,NIST AI 100-2e2025,Adversarial Machine Learning,2.2.3,28 29,3
KDJ-AI-2026E1-P03-C20-S11-8F836BD6,KDJ-AI-2026E1-P03-C20-S11,source_translation,NIST-AI-100-2E2025,NIST AI 100-2e2025,Adversarial Machine Learning,2.2.4,29 30,5
KDJ-AI-2026E1-P03-C20-S12-EC9735A3,KDJ-AI-2026E1-P03-C20-S12,source_translation,NIST-AI-100-2E2025,NIST AI 100-2e2025,Adversarial Machine Learning,2.2.5,30 31,11
KDJ-AI-2026E1-P03-C20-S13-E6E1357D,KDJ-AI-2026E1-P03-C20-S13,source_translation,NIST-AI-100-2E2025,NIST AI 100-2e2025,Adversarial Machine Learning,2.3,32,5
KDJ-AI-2026E1-P03-C20-S14-A6C06E52,KDJ-AI-2026E1-P03-C20-S14,source_translation,NIST-AI-100-2E2025,NIST AI 100-2e2025,Adversarial Machine Learning,2.3.1,32 33 34,9
KDJ-AI-2026E1-P03-C20-S15-A1C7540E,KDJ-AI-2026E1-P03-C20-S15,source_translation,NIST-AI-100-2E2025,NIST AI 100-2e2025,Adversarial Machine Learning,2.3.2,34 35,7
KDJ-AI-2026E1-P03-C20-S16-3FABC475,KDJ-AI-2026E1-P03-C20-S16,source_translation,NIST-AI-100-2E2025,NIST AI 100-2e2025,Adversarial Machine Learning,2.3.3,35 36 37 38 39,17
KDJ-AI-2026E1-P03-C20-S17-E8133972,KDJ-AI-2026E1-P03-C20-S17,source_translation,NIST-AI-100-2E2025,NIST AI 100-2e2025,Adversarial Machine Learning,2.3.4,39 40,9
KDJ-AI-2026E1-P03-C20-S18-E5862448,KDJ-AI-2026E1-P03-C20-S18,source_translation,NIST-AI-100-2E2025,NIST AI 100-2e2025,Adversarial Machine Learning,2.3.5,40 41,5
KDJ-AI-2026E1-P03-C20-S19-62C19D6D,KDJ-AI-2026E1-P03-C20-S19,source_translation,NIST-AI-100-2E2025,NIST AI 100-2e2025,Adversarial Machine Learning,2.4,41,4
KDJ-AI-2026E1-P03-C20-S20-066E9C84,KDJ-AI-2026E1-P03-C20-S20,source_translation,NIST-AI-100-2E2025,NIST AI 100-2e2025,Adversarial Machine Learning,2.4.1,41 42,6
KDJ-AI-2026E1-P03-C20-S21-7688BCF1,KDJ-AI-2026E1-P03-C20-S21,source_translation,NIST-AI-100-2E2025,NIST AI 100-2e2025,Adversarial Machine Learning,2.4.2,42 43,7
KDJ-AI-2026E1-P03-C20-S22-A9DA6B54,KDJ-AI-2026E1-P03-C20-S22,source_translation,NIST-AI-100-2E2025,NIST AI 100-2e2025,Adversarial Machine Learning,2.4.3,43 44,5
KDJ-AI-2026E1-P03-C20-S23-F1E441C4,KDJ-AI-2026E1-P03-C20-S23,source_translation,NIST-AI-100-2E2025,NIST AI 100-2e2025,Adversarial Machine Learning,2.4.4,44 45,5
KDJ-AI-2026E1-P03-C20-S24-A5DAF444,KDJ-AI-2026E1-P03-C20-S24,source_translation,NIST-AI-100-2E2025,NIST AI 100-2e2025,Adversarial Machine Learning,2.4.5,45 46,7
KDJ-AI-2026E1-P03-C21-S01-91644AFD,KDJ-AI-2026E1-P03-C21-S01,source_translation,NIST-AI-100-2E2025,NIST AI 100-2e2025,Adversarial Machine Learning,3.1,47 48,8
KDJ-AI-2026E1-P03-C21-S02-6D53AA54,KDJ-AI-2026E1-P03-C21-S02,source_translation,NIST-AI-100-2E2025,NIST AI 100-2e2025,Adversarial Machine Learning,3.1.1,49 50 51 52,20
KDJ-AI-2026E1-P03-C21-S03-9BCA2C5B,KDJ-AI-2026E1-P03-C21-S03,source_translation,NIST-AI-100-2E2025,NIST AI 100-2e2025,Adversarial Machine Learning,3.1.2,52 53,7
KDJ-AI-2026E1-P03-C21-S04-6C437BB1,KDJ-AI-2026E1-P03-C21-S04,source_translation,NIST-AI-100-2E2025,NIST AI 100-2e2025,Adversarial Machine Learning,3.1.3,53 54,8
KDJ-AI-2026E1-P03-C21-S05-8AF1A725,KDJ-AI-2026E1-P03-C21-S05,source_translation,NIST-AI-100-2E2025,NIST AI 100-2e2025,Adversarial Machine Learning,3.2,54,2
KDJ-AI-2026E1-P03-C21-S06-1865FC21,KDJ-AI-2026E1-P03-C21-S06,source_translation,NIST-AI-100-2E2025,NIST AI 100-2e2025,Adversarial Machine Learning,3.2.1,55,5
KDJ-AI-2026E1-P03-C21-S07-F1F2DFB8,KDJ-AI-2026E1-P03-C21-S07,source_translation,NIST-AI-100-2E2025,NIST AI 100-2e2025,Adversarial Machine Learning,3.2.2,55,2
KDJ-AI-2026E1-P03-C21-S08-38BA9133,KDJ-AI-2026E1-P03-C21-S08,source_translation,NIST-AI-100-2E2025,NIST AI 100-2e2025,Adversarial Machine Learning,3.2.3,55 56,3
KDJ-AI-2026E1-P03-C21-S09-77C3D09B,KDJ-AI-2026E1-P03-C21-S09,source_translation,NIST-AI-100-2E2025,NIST AI 100-2e2025,Adversarial Machine Learning,3.3,56,7
KDJ-AI-2026E1-P03-C21-S10-81913A6B,KDJ-AI-2026E1-P03-C21-S10,source_translation,NIST-AI-100-2E2025,NIST AI 100-2e2025,Adversarial Machine Learning,3.3.1,57 58 59,19
KDJ-AI-2026E1-P03-C21-S11-A9C6B225,KDJ-AI-2026E1-P03-C21-S11,source_translation,NIST-AI-100-2E2025,NIST AI 100-2e2025,Adversarial Machine Learning,3.3.2,59 60,7
KDJ-AI-2026E1-P03-C21-S12-D4C9E885,KDJ-AI-2026E1-P03-C21-S12,source_translation,NIST-AI-100-2E2025,NIST AI 100-2e2025,Adversarial Machine Learning,3.3.3,61 62 63,17
KDJ-AI-2026E1-P03-C21-S13-557EE10C,KDJ-AI-2026E1-P03-C21-S13,source_translation,NIST-AI-100-2E2025,NIST AI 100-2e2025,Adversarial Machine Learning,3.4,63 64,2
KDJ-AI-2026E1-P03-C21-S14-F768AD5B,KDJ-AI-2026E1-P03-C21-S14,source_translation,NIST-AI-100-2E2025,NIST AI 100-2e2025,Adversarial Machine Learning,3.4.1,64,7
KDJ-AI-2026E1-P03-C21-S15-1D7F6D16,KDJ-AI-2026E1-P03-C21-S15,source_translation,NIST-AI-100-2E2025,NIST AI 100-2e2025,Adversarial Machine Learning,3.4.2,64 65,9
KDJ-AI-2026E1-P03-C21-S16-66F81ECA,KDJ-AI-2026E1-P03-C21-S16,source_translation,NIST-AI-100-2E2025,NIST AI 100-2e2025,Adversarial Machine Learning,3.4.3,65 66,5
KDJ-AI-2026E1-P03-C21-S17-87C15190,KDJ-AI-2026E1-P03-C21-S17,source_translation,NIST-AI-100-2E2025,NIST AI 100-2e2025,Adversarial Machine Learning,3.4.4,66 67,6
KDJ-AI-2026E1-P03-C21-S18-C117E97C,KDJ-AI-2026E1-P03-C21-S18,source_translation,NIST-AI-100-2E2025,NIST AI 100-2e2025,Adversarial Machine Learning,3.5,67,3
KDJ-AI-2026E1-P03-C21-S19-895E1728,KDJ-AI-2026E1-P03-C21-S19,source_translation,NIST-AI-100-2E2025,NIST AI 100-2e2025,Adversarial Machine Learning,3.6,67 68,3
KDJ-AI-2026E1-P03-C22-S01-D95798B4,KDJ-AI-2026E1-P03-C22-S01,source_translation,NIST-AI-100-2E2025,NIST AI 100-2e2025,Adversarial Machine Learning,4.1,68,2
KDJ-AI-2026E1-P03-C22-S02-20929048,KDJ-AI-2026E1-P03-C22-S02,source_translation,NIST-AI-100-2E2025,NIST AI 100-2e2025,Adversarial Machine Learning,4.1.1,68 69,5
KDJ-AI-2026E1-P03-C22-S03-C5028B3A,KDJ-AI-2026E1-P03-C22-S03,source_translation,NIST-AI-100-2E2025,NIST AI 100-2e2025,Adversarial Machine Learning,4.1.2,69,4
KDJ-AI-2026E1-P03-C22-S04-0850AED9,KDJ-AI-2026E1-P03-C22-S04,source_translation,NIST-AI-100-2E2025,NIST AI 100-2e2025,Adversarial Machine Learning,4.1.3,70,5
KDJ-AI-2026E1-P03-C22-S05-387866DA,KDJ-AI-2026E1-P03-C22-S05,source_translation,NIST-AI-100-2E2025,NIST AI 100-2e2025,Adversarial Machine Learning,4.2.1,70 71,4
KDJ-AI-2026E1-P03-C22-S06-F424804A,KDJ-AI-2026E1-P03-C22-S06,source_translation,NIST-AI-100-2E2025,NIST AI 100-2e2025,Adversarial Machine Learning,4.2.2,71,3
KDJ-AI-2026E1-P03-C22-S07-4E0F0ABB,KDJ-AI-2026E1-P03-C22-S07,source_translation,NIST-AI-100-2E2025,NIST AI 100-2e2025,Adversarial Machine Learning,4.2.3,71 72,3
KDJ-AI-2026E1-P03-C22-S08-94D877A1,KDJ-AI-2026E1-P03-C22-S08,source_translation,NIST-AI-100-2E2025,NIST AI 100-2e2025,Adversarial Machine Learning,4.2.4,72,3
KDJ-AI-2026E1-P03-C22-S09-CD37DF3E,KDJ-AI-2026E1-P03-C22-S09,source_translation,NIST-AI-100-2E2025,NIST AI 100-2e2025,Adversarial Machine Learning,4.2.5,72 73,5
KDJ-AI-2026E1-P03-C22-S10-7B0F4A6A,KDJ-AI-2026E1-P03-C22-S10,source_translation,NIST-AI-100-2E2025,NIST AI 100-2e2025,Adversarial Machine Learning,4.2.6,73,4
KDJ-AI-2026E1-P03-C22-S11-89B3BCB4,KDJ-AI-2026E1-P03-C22-S11,source_translation,NIST-AI-100-2E2025,NIST AI 100-2e2025,Adversarial Machine Learning,REFERENCES,74 75 76 77 78 79 80 81 82 83 84 85 86 87 88 89 90 91 92 93 94 95 96 97 98 99 100 101 102 103 104 105 106 107 108 109 110 111 112 113 114 115 116 117 118 119 120,477
KDJ-AI-2026E1-P03-C22-S12-19DC0EF2,KDJ-AI-2026E1-P03-C22-S12,source_translation,NIST-AI-100-2E2025,NIST AI 100-2e2025,Adversarial Machine Learning,A,120,8
KDJ-AI-2026E1-P03-C22-S13-D6D530D2,KDJ-AI-2026E1-P03-C22-S13,source_translation,NIST-AI-100-2E2025,NIST AI 100-2e2025,Adversarial Machine Learning,B,120,3
KDJ-AI-2026E1-P03-C22-S14-EE8D28FF,KDJ-AI-2026E1-P03-C22-S14,source_translation,NIST-AI-100-2E2025,NIST AI 100-2e2025,Adversarial Machine Learning,C,120,3
KDJ-AI-2026E1-P03-C22-S15-26FF2CF0,KDJ-AI-2026E1-P03-C22-S15,source_translation,NIST-AI-100-2E2025,NIST AI 100-2e2025,Adversarial Machine Learning,D,121,10
KDJ-AI-2026E1-P03-C22-S16-55E87329,KDJ-AI-2026E1-P03-C22-S16,source_translation,NIST-AI-100-2E2025,NIST AI 100-2e2025,Adversarial Machine Learning,E,121 122,11
KDJ-AI-2026E1-P03-C22-S17-A9E0378A,KDJ-AI-2026E1-P03-C22-S17,source_translation,NIST-AI-100-2E2025,NIST AI 100-2e2025,Adversarial Machine Learning,G,122,4
KDJ-AI-2026E1-P03-C22-S18-A07950BD,KDJ-AI-2026E1-P03-C22-S18,source_translation,NIST-AI-100-2E2025,NIST AI 100-2e2025,Adversarial Machine Learning,H,122 123,2
KDJ-AI-2026E1-P03-C22-S19-B36EFBA1,KDJ-AI-2026E1-P03-C22-S19,source_translation,NIST-AI-100-2E2025,NIST AI 100-2e2025,Adversarial Machine Learning,I,123,9
KDJ-AI-2026E1-P03-C22-S20-889A79F0,KDJ-AI-2026E1-P03-C22-S20,source_translation,NIST-AI-100-2E2025,NIST AI 100-2e2025,Adversarial Machine Learning,M,123 124,9
KDJ-AI-2026E1-P03-C22-S21-D51D0FBA,KDJ-AI-2026E1-P03-C22-S21,source_translation,NIST-AI-100-2E2025,NIST AI 100-2e2025,Adversarial Machine Learning,O,124,2
KDJ-AI-2026E1-P03-C22-S22-0A4C3526,KDJ-AI-2026E1-P03-C22-S22,source_translation,NIST-AI-100-2E2025,NIST AI 100-2e2025,Adversarial Machine Learning,P,124,7
KDJ-AI-2026E1-P03-C22-S23-FEA01DBD,KDJ-AI-2026E1-P03-C22-S23,source_translation,NIST-AI-100-2E2025,NIST AI 100-2e2025,Adversarial Machine Learning,Q,124 125,9
KDJ-AI-2026E1-P03-C22-S24-A057F17D,KDJ-AI-2026E1-P03-C22-S24,source_translation,NIST-AI-100-2E2025,NIST AI 100-2e2025,Adversarial Machine Learning,S,125 126 127,18
KDJ-AI-2026E1-P03-C23-S01-ED4A393F,KDJ-AI-2026E1-P03-C23-S01,source_translation,NIST-AI-800-1-IPD,NIST AI 800-1 ipd,Managing Misuse Risk for Dual-Use Foundation Models,1,5 6,11
KDJ-AI-2026E1-P03-C23-S02-52706024,KDJ-AI-2026E1-P03-C23-S02,source_translation,NIST-AI-800-1-IPD,NIST AI 800-1 ipd,Managing Misuse Risk for Dual-Use Foundation Models,3,7 8,13
KDJ-AI-2026E1-P03-C23-S03-08CA9832,KDJ-AI-2026E1-P03-C23-S03,source_translation,NIST-AI-800-1-IPD,NIST AI 800-1 ipd,Managing Misuse Risk for Dual-Use Foundation Models,4,9 10 11 12 13 14 15 16 17 18 19 20 21 22,303
KDJ-AI-2026E1-P03-C23-S04-8E3780E1,KDJ-AI-2026E1-P03-C23-S04,source_translation,NIST-AI-800-1-IPD,NIST AI 800-1 ipd,Managing Misuse Risk for Dual-Use Foundation Models,APPA,7 15 18 21 23 24 25 26 27,71
KDJ-AI-2026E1-P03-C24-S01-D9759391,KDJ-AI-2026E1-P03-C24-S01,source_translation,NIST-SP-800-218A,NIST SP 800-218A,Secure Software Development Practices for Generative AI and Dual-Use Foundation Models,FM,1 2,8
KDJ-AI-2026E1-P03-C24-S02-E6137EFB,KDJ-AI-2026E1-P03-C24-S02,source_translation,NIST-SP-800-218A,NIST SP 800-218A,Secure Software Development Practices for Generative AI and Dual-Use Foundation Models,SECURESOFTWAREDEVELOPMENTPRA,2 3 4 5 6 7 8,60
KDJ-AI-2026E1-P03-C24-S03-C1104C17,KDJ-AI-2026E1-P03-C24-S03,source_translation,NIST-SP-800-218A,NIST SP 800-218A,Secure Software Development Practices for Generative AI and Dual-Use Foundation Models,1,9 10 11,22
KDJ-AI-2026E1-P03-C24-S04-780D7557,KDJ-AI-2026E1-P03-C24-S04,source_translation,NIST-SP-800-218A,NIST SP 800-218A,Secure Software Development Practices for Generative AI and Dual-Use Foundation Models,2,12 13,16
KDJ-AI-2026E1-P03-C24-S05-A4888828,KDJ-AI-2026E1-P03-C24-S05,source_translation,NIST-SP-800-218A,NIST SP 800-218A,Secure Software Development Practices for Generative AI and Dual-Use Foundation Models,3,14 15 16 17 18 19 20 21 22 23 24 25 26 27,36
KDJ-AI-2026E1-P03-C24-S06-55770843,KDJ-AI-2026E1-P03-C24-S06,source_translation,NIST-SP-800-218A,NIST SP 800-218A,Secure Software Development Practices for Generative AI and Dual-Use Foundation Models,REFERENCES,28 29,21
KDJ-AI-2026E1-P03-C24-S07-FDF90590,KDJ-AI-2026E1-P03-C24-S07,source_translation,NIST-SP-800-218A,NIST SP 800-218A,Secure Software Development Practices for Generative AI and Dual-Use Foundation Models,APPA,30,23
KDJ-AI-2026E1-P03-C25-S01-28C380A7,KDJ-AI-2026E1-P03-C25-S01,editorial_synthesis,NIST-AI-100-2E2025,NIST AI 100-2e2025,Adversarial Machine Learning,,,0
KDJ-AI-2026E1-P03-C25-S01-28C380A7,KDJ-AI-2026E1-P03-C25-S01,editorial_synthesis,NIST-AI-800-1-IPD,NIST AI 800-1 ipd,Managing Misuse Risk for Dual-Use Foundation Models,,,0
KDJ-AI-2026E1-P03-C25-S01-28C380A7,KDJ-AI-2026E1-P03-C25-S01,editorial_synthesis,NIST-SP-800-218A,NIST SP 800-218A,Secure Software Development Practices for Generative AI and Dual-Use Foundation Models,,,0
KDJ-AI-2026E1-P03-C25-S02-53ECC804,KDJ-AI-2026E1-P03-C25-S02,editorial_synthesis,NIST-AI-100-2E2025,NIST AI 100-2e2025,Adversarial Machine Learning,,,0
KDJ-AI-2026E1-P03-C25-S02-53ECC804,KDJ-AI-2026E1-P03-C25-S02,editorial_synthesis,NIST-AI-800-1-IPD,NIST AI 800-1 ipd,Managing Misuse Risk for Dual-Use Foundation Models,,,0
KDJ-AI-2026E1-P03-C25-S02-53ECC804,KDJ-AI-2026E1-P03-C25-S02,editorial_synthesis,NIST-SP-800-218A,NIST SP 800-218A,Secure Software Development Practices for Generative AI and Dual-Use Foundation Models,,,0
KDJ-AI-2026E1-P03-C25-S03-977F8F90,KDJ-AI-2026E1-P03-C25-S03,editorial_synthesis,NIST-AI-100-2E2025,NIST AI 100-2e2025,Adversarial Machine Learning,,,0
KDJ-AI-2026E1-P03-C25-S03-977F8F90,KDJ-AI-2026E1-P03-C25-S03,editorial_synthesis,NIST-AI-800-1-IPD,NIST AI 800-1 ipd,Managing Misuse Risk for Dual-Use Foundation Models,,,0
KDJ-AI-2026E1-P03-C25-S03-977F8F90,KDJ-AI-2026E1-P03-C25-S03,editorial_synthesis,NIST-SP-800-218A,NIST SP 800-218A,Secure Software Development Practices for Generative AI and Dual-Use Foundation Models,,,0
KDJ-AI-2026E1-P03-C26-S01-44D39BF0,KDJ-AI-2026E1-P03-C26-S01,editorial_synthesis,NIST-AI-100-2E2025,NIST AI 100-2e2025,Adversarial Machine Learning,,,0
KDJ-AI-2026E1-P03-C26-S01-44D39BF0,KDJ-AI-2026E1-P03-C26-S01,editorial_synthesis,NIST-AI-800-1-IPD,NIST AI 800-1 ipd,Managing Misuse Risk for Dual-Use Foundation Models,,,0
KDJ-AI-2026E1-P03-C26-S01-44D39BF0,KDJ-AI-2026E1-P03-C26-S01,editorial_synthesis,NIST-SP-800-218A,NIST SP 800-218A,Secure Software Development Practices for Generative AI and Dual-Use Foundation Models,,,0
KDJ-AI-2026E1-P03-C27-S01-3BD6EB29,KDJ-AI-2026E1-P03-C27-S01,editorial_localization_ir,NIST-AI-100-2E2025,NIST AI 100-2e2025,Adversarial Machine Learning,,,0
KDJ-AI-2026E1-P03-C27-S01-3BD6EB29,KDJ-AI-2026E1-P03-C27-S01,editorial_localization_ir,NIST-AI-800-1-IPD,NIST AI 800-1 ipd,Managing Misuse Risk for Dual-Use Foundation Models,,,0
KDJ-AI-2026E1-P03-C27-S01-3BD6EB29,KDJ-AI-2026E1-P03-C27-S01,editorial_localization_ir,NIST-SP-800-218A,NIST SP 800-218A,Secure Software Development Practices for Generative AI and Dual-Use Foundation Models,,,0
KDJ-AI-2026E1-P03-C27-S02-FA399DF4,KDJ-AI-2026E1-P03-C27-S02,editorial_localization_ir,NIST-AI-100-2E2025,NIST AI 100-2e2025,Adversarial Machine Learning,,,0
KDJ-AI-2026E1-P03-C27-S02-FA399DF4,KDJ-AI-2026E1-P03-C27-S02,editorial_localization_ir,NIST-AI-800-1-IPD,NIST AI 800-1 ipd,Managing Misuse Risk for Dual-Use Foundation Models,,,0
KDJ-AI-2026E1-P03-C27-S02-FA399DF4,KDJ-AI-2026E1-P03-C27-S02,editorial_localization_ir,NIST-SP-800-218A,NIST SP 800-218A,Secure Software Development Practices for Generative AI and Dual-Use Foundation Models,,,0
KDJ-AI-2026E1-P03-C27-S03-05C7A7FB,KDJ-AI-2026E1-P03-C27-S03,editorial_localization_ir,NIST-AI-100-2E2025,NIST AI 100-2e2025,Adversarial Machine Learning,,,0
KDJ-AI-2026E1-P03-C27-S03-05C7A7FB,KDJ-AI-2026E1-P03-C27-S03,editorial_localization_ir,NIST-AI-800-1-IPD,NIST AI 800-1 ipd,Managing Misuse Risk for Dual-Use Foundation Models,,,0
KDJ-AI-2026E1-P03-C27-S03-05C7A7FB,KDJ-AI-2026E1-P03-C27-S03,editorial_localization_ir,NIST-SP-800-218A,NIST SP 800-218A,Secure Software Development Practices for Generative AI and Dual-Use Foundation Models,,,0
KDJ-AI-2026E1-P03-C27-S04-BD80CAE6,KDJ-AI-2026E1-P03-C27-S04,editorial_localization_ir,NIST-AI-100-2E2025,NIST AI 100-2e2025,Adversarial Machine Learning,,,0
KDJ-AI-2026E1-P03-C27-S04-BD80CAE6,KDJ-AI-2026E1-P03-C27-S04,editorial_localization_ir,NIST-AI-800-1-IPD,NIST AI 800-1 ipd,Managing Misuse Risk for Dual-Use Foundation Models,,,0
KDJ-AI-2026E1-P03-C27-S04-BD80CAE6,KDJ-AI-2026E1-P03-C27-S04,editorial_localization_ir,NIST-SP-800-218A,NIST SP 800-218A,Secure Software Development Practices for Generative AI and Dual-Use Foundation Models,,,0
KDJ-AI-2026E1-P03-C27-S05-1D14F279,KDJ-AI-2026E1-P03-C27-S05,editorial_localization_ir,NIST-AI-100-2E2025,NIST AI 100-2e2025,Adversarial Machine Learning,,,0
KDJ-AI-2026E1-P03-C27-S05-1D14F279,KDJ-AI-2026E1-P03-C27-S05,editorial_localization_ir,NIST-AI-800-1-IPD,NIST AI 800-1 ipd,Managing Misuse Risk for Dual-Use Foundation Models,,,0
KDJ-AI-2026E1-P03-C27-S05-1D14F279,KDJ-AI-2026E1-P03-C27-S05,editorial_localization_ir,NIST-SP-800-218A,NIST SP 800-218A,Secure Software Development Practices for Generative AI and Dual-Use Foundation Models,,,0
KDJ-AI-2026E1-P03-C27-S06-D21FB050,KDJ-AI-2026E1-P03-C27-S06,editorial_localization_ir,NIST-AI-100-2E2025,NIST AI 100-2e2025,Adversarial Machine Learning,,,0
KDJ-AI-2026E1-P03-C27-S06-D21FB050,KDJ-AI-2026E1-P03-C27-S06,editorial_localization_ir,NIST-AI-800-1-IPD,NIST AI 800-1 ipd,Managing Misuse Risk for Dual-Use Foundation Models,,,0
KDJ-AI-2026E1-P03-C27-S06-D21FB050,KDJ-AI-2026E1-P03-C27-S06,editorial_localization_ir,NIST-SP-800-218A,NIST SP 800-218A,Secure Software Development Practices for Generative AI and Dual-Use Foundation Models,,,0
KDJ-AI-2026E1-P03-C27-S07-9046AA3C,KDJ-AI-2026E1-P03-C27-S07,editorial_localization_ir,NIST-AI-100-2E2025,NIST AI 100-2e2025,Adversarial Machine Learning,,,0
KDJ-AI-2026E1-P03-C27-S07-9046AA3C,KDJ-AI-2026E1-P03-C27-S07,editorial_localization_ir,NIST-AI-800-1-IPD,NIST AI 800-1 ipd,Managing Misuse Risk for Dual-Use Foundation Models,,,0
KDJ-AI-2026E1-P03-C27-S07-9046AA3C,KDJ-AI-2026E1-P03-C27-S07,editorial_localization_ir,NIST-SP-800-218A,NIST SP 800-218A,Secure Software Development Practices for Generative AI and Dual-Use Foundation Models,,,0
KDJ-AI-2026E1-P03-C27-S08-C38EBDE2,KDJ-AI-2026E1-P03-C27-S08,editorial_localization_ir,NIST-AI-100-2E2025,NIST AI 100-2e2025,Adversarial Machine Learning,,,0
KDJ-AI-2026E1-P03-C27-S08-C38EBDE2,KDJ-AI-2026E1-P03-C27-S08,editorial_localization_ir,NIST-AI-800-1-IPD,NIST AI 800-1 ipd,Managing Misuse Risk for Dual-Use Foundation Models,,,0
KDJ-AI-2026E1-P03-C27-S08-C38EBDE2,KDJ-AI-2026E1-P03-C27-S08,editorial_localization_ir,NIST-SP-800-218A,NIST SP 800-218A,Secure Software Development Practices for Generative AI and Dual-Use Foundation Models,,,0
KDJ-AI-2026E1-P04-C28-S01-96B6BBFF,KDJ-AI-2026E1-P04-C28-S01,editorial_synthesis,NIST-IR-8312,NISTIR 8312,Four Principles of Explainable Artificial Intelligence,,,0
KDJ-AI-2026E1-P04-C28-S01-96B6BBFF,KDJ-AI-2026E1-P04-C28-S01,editorial_synthesis,NIST-IR-8367,NISTIR 8367,Psychological Foundations of Explainability and Interpretability in Artificial Intelligence,,,0
KDJ-AI-2026E1-P04-C28-S01-96B6BBFF,KDJ-AI-2026E1-P04-C28-S01,editorial_synthesis,NIST-SP-1270,NIST Special Publication 1270,Towards a Standard for Identifying and Managing Bias in Artificial Intelligence,,,0
KDJ-AI-2026E1-P04-C28-S02-3F2D4845,KDJ-AI-2026E1-P04-C28-S02,editorial_synthesis,NIST-IR-8312,NISTIR 8312,Four Principles of Explainable Artificial Intelligence,,,0
KDJ-AI-2026E1-P04-C28-S02-3F2D4845,KDJ-AI-2026E1-P04-C28-S02,editorial_synthesis,NIST-IR-8367,NISTIR 8367,Psychological Foundations of Explainability and Interpretability in Artificial Intelligence,,,0
KDJ-AI-2026E1-P04-C28-S02-3F2D4845,KDJ-AI-2026E1-P04-C28-S02,editorial_synthesis,NIST-SP-1270,NIST Special Publication 1270,Towards a Standard for Identifying and Managing Bias in Artificial Intelligence,,,0
KDJ-AI-2026E1-P04-C28-S03-F248BF32,KDJ-AI-2026E1-P04-C28-S03,editorial_synthesis,NIST-IR-8312,NISTIR 8312,Four Principles of Explainable Artificial Intelligence,,,0
KDJ-AI-2026E1-P04-C28-S03-F248BF32,KDJ-AI-2026E1-P04-C28-S03,editorial_synthesis,NIST-IR-8367,NISTIR 8367,Psychological Foundations of Explainability and Interpretability in Artificial Intelligence,,,0
KDJ-AI-2026E1-P04-C28-S03-F248BF32,KDJ-AI-2026E1-P04-C28-S03,editorial_synthesis,NIST-SP-1270,NIST Special Publication 1270,Towards a Standard for Identifying and Managing Bias in Artificial Intelligence,,,0
KDJ-AI-2026E1-P04-C28-S04-92C66080,KDJ-AI-2026E1-P04-C28-S04,editorial_synthesis,NIST-IR-8312,NISTIR 8312,Four Principles of Explainable Artificial Intelligence,,,0
KDJ-AI-2026E1-P04-C28-S04-92C66080,KDJ-AI-2026E1-P04-C28-S04,editorial_synthesis,NIST-IR-8367,NISTIR 8367,Psychological Foundations of Explainability and Interpretability in Artificial Intelligence,,,0
KDJ-AI-2026E1-P04-C28-S04-92C66080,KDJ-AI-2026E1-P04-C28-S04,editorial_synthesis,NIST-SP-1270,NIST Special Publication 1270,Towards a Standard for Identifying and Managing Bias in Artificial Intelligence,,,0
KDJ-AI-2026E1-P04-C29-S01-E8C5B7FF,KDJ-AI-2026E1-P04-C29-S01,source_translation,NIST-IR-8312,NISTIR 8312,Four Principles of Explainable Artificial Intelligence,FM,1 2 3 4 5 6 7,34
KDJ-AI-2026E1-P04-C29-S02-47F6E198,KDJ-AI-2026E1-P04-C29-S02,source_translation,NIST-IR-8312,NISTIR 8312,Four Principles of Explainable Artificial Intelligence,1,8 9,8
KDJ-AI-2026E1-P04-C29-S03-D7F773D3,KDJ-AI-2026E1-P04-C29-S03,source_translation,NIST-IR-8312,NISTIR 8312,Four Principles of Explainable Artificial Intelligence,2,9 10 11 12 13,28
KDJ-AI-2026E1-P04-C29-S04-217B839C,KDJ-AI-2026E1-P04-C29-S04,source_translation,NIST-IR-8312,NISTIR 8312,Four Principles of Explainable Artificial Intelligence,3,13 14 15,14
KDJ-AI-2026E1-P04-C29-S05-814FDB95,KDJ-AI-2026E1-P04-C29-S05,source_translation,NIST-IR-8312,NISTIR 8312,Four Principles of Explainable Artificial Intelligence,4,15 16 17,13
KDJ-AI-2026E1-P04-C29-S06-EC2CC32F,KDJ-AI-2026E1-P04-C29-S06,source_translation,NIST-IR-8312,NISTIR 8312,Four Principles of Explainable Artificial Intelligence,5,17 18 19,15
KDJ-AI-2026E1-P04-C29-S07-F34571C2,KDJ-AI-2026E1-P04-C29-S07,source_translation,NIST-IR-8312,NISTIR 8312,Four Principles of Explainable Artificial Intelligence,6,19 20 21 22,26
KDJ-AI-2026E1-P04-C29-S08-C1EADAB2,KDJ-AI-2026E1-P04-C29-S08,source_translation,NIST-IR-8312,NISTIR 8312,Four Principles of Explainable Artificial Intelligence,7,22 23 24 25,11
KDJ-AI-2026E1-P04-C29-S09-C7703C0B,KDJ-AI-2026E1-P04-C29-S09,source_translation,NIST-IR-8312,NISTIR 8312,Four Principles of Explainable Artificial Intelligence,8,25 26 27 28,22
KDJ-AI-2026E1-P04-C29-S10-CDFE093D,KDJ-AI-2026E1-P04-C29-S10,source_translation,NIST-IR-8312,NISTIR 8312,Four Principles of Explainable Artificial Intelligence,9,28 29 30 31 32 33 34 35 36 37 38 39 40 41 42 43,167
KDJ-AI-2026E1-P04-C30-S01-44C7CD64,KDJ-AI-2026E1-P04-C30-S01,source_translation,NIST-IR-8367,NISTIR 8367,Psychological Foundations of Explainability and Interpretability in Artificial Intelligence,FM,1 2 3 4 5 6 7 8,43
KDJ-AI-2026E1-P04-C30-S02-FCF40DA6,KDJ-AI-2026E1-P04-C30-S02,source_translation,NIST-IR-8367,NISTIR 8367,Psychological Foundations of Explainability and Interpretability in Artificial Intelligence,1,9 10 11 12 13 14 15 16 17,41
KDJ-AI-2026E1-P04-C30-S03-290936FF,KDJ-AI-2026E1-P04-C30-S03,source_translation,NIST-IR-8367,NISTIR 8367,Psychological Foundations of Explainability and Interpretability in Artificial Intelligence,2,17 18 19 20 21 22 23 24 25 26 27 28,56
KDJ-AI-2026E1-P04-C30-S04-1BD83495,KDJ-AI-2026E1-P04-C30-S04,source_translation,NIST-IR-8367,NISTIR 8367,Psychological Foundations of Explainability and Interpretability in Artificial Intelligence,3,28 29 30 31 32 33 34 35 36 37 38 39,51
KDJ-AI-2026E1-P04-C30-S05-F48CC02E,KDJ-AI-2026E1-P04-C30-S05,source_translation,NIST-IR-8367,NISTIR 8367,Psychological Foundations of Explainability and Interpretability in Artificial Intelligence,4,39 40 41 42 43 44 45 46,29
KDJ-AI-2026E1-P04-C30-S06-8F95202A,KDJ-AI-2026E1-P04-C30-S06,source_translation,NIST-IR-8367,NISTIR 8367,Psychological Foundations of Explainability and Interpretability in Artificial Intelligence,5,46 47 48 49 50 51 52 53 54 55 56,162
KDJ-AI-2026E1-P04-C31-S01-9970B5DC,KDJ-AI-2026E1-P04-C31-S01,source_translation,NIST-SP-1270,NIST Special Publication 1270,Towards a Standard for Identifying and Managing Bias in Artificial Intelligence,1,1 2 3 4 5 6 7 8 9 10 11,71
KDJ-AI-2026E1-P04-C31-S02-0EB5A1A7,KDJ-AI-2026E1-P04-C31-S02,source_translation,NIST-SP-1270,NIST Special Publication 1270,Towards a Standard for Identifying and Managing Bias in Artificial Intelligence,2,12 13 14 15 16 17 18 19 20 21 22 23,55
KDJ-AI-2026E1-P04-C31-S03-BF34D9CD,KDJ-AI-2026E1-P04-C31-S03,source_translation,NIST-SP-1270,NIST Special Publication 1270,Towards a Standard for Identifying and Managing Bias in Artificial Intelligence,3,23 24 25 26 27 28 29 30 31 32 33 34 35 36 37 38 39 40 41 42 43 44 45 46 47 48 49 50 51 52 53 54 55 56,180
KDJ-AI-2026E1-P04-C31-S04-04090909,KDJ-AI-2026E1-P04-C31-S04,source_translation,NIST-SP-1270,NIST Special Publication 1270,Towards a Standard for Identifying and Managing Bias in Artificial Intelligence,4,56 57,9
KDJ-AI-2026E1-P04-C31-S05-755DC884,KDJ-AI-2026E1-P04-C31-S05,source_translation,NIST-SP-1270,NIST Special Publication 1270,Towards a Standard for Identifying and Managing Bias in Artificial Intelligence,5,58 59 60 61 62 63 64 65 66 67 68 69 70 71 72 73 74 75 76 77 78 79 80 81 82 83 84 85 86,353
KDJ-AI-2026E1-P04-C32-S01-F2813082,KDJ-AI-2026E1-P04-C32-S01,editorial_synthesis,NIST-IR-8312,NISTIR 8312,Four Principles of Explainable Artificial Intelligence,,,0
KDJ-AI-2026E1-P04-C32-S01-F2813082,KDJ-AI-2026E1-P04-C32-S01,editorial_synthesis,NIST-IR-8367,NISTIR 8367,Psychological Foundations of Explainability and Interpretability in Artificial Intelligence,,,0
KDJ-AI-2026E1-P04-C32-S01-F2813082,KDJ-AI-2026E1-P04-C32-S01,editorial_synthesis,NIST-SP-1270,NIST Special Publication 1270,Towards a Standard for Identifying and Managing Bias in Artificial Intelligence,,,0
KDJ-AI-2026E1-P04-C32-S02-CC827699,KDJ-AI-2026E1-P04-C32-S02,editorial_synthesis,NIST-IR-8312,NISTIR 8312,Four Principles of Explainable Artificial Intelligence,,,0
KDJ-AI-2026E1-P04-C32-S02-CC827699,KDJ-AI-2026E1-P04-C32-S02,editorial_synthesis,NIST-IR-8367,NISTIR 8367,Psychological Foundations of Explainability and Interpretability in Artificial Intelligence,,,0
KDJ-AI-2026E1-P04-C32-S02-CC827699,KDJ-AI-2026E1-P04-C32-S02,editorial_synthesis,NIST-SP-1270,NIST Special Publication 1270,Towards a Standard for Identifying and Managing Bias in Artificial Intelligence,,,0
KDJ-AI-2026E1-P04-C32-S03-08EBAFFE,KDJ-AI-2026E1-P04-C32-S03,editorial_synthesis,NIST-IR-8312,NISTIR 8312,Four Principles of Explainable Artificial Intelligence,,,0
KDJ-AI-2026E1-P04-C32-S03-08EBAFFE,KDJ-AI-2026E1-P04-C32-S03,editorial_synthesis,NIST-IR-8367,NISTIR 8367,Psychological Foundations of Explainability and Interpretability in Artificial Intelligence,,,0
KDJ-AI-2026E1-P04-C32-S03-08EBAFFE,KDJ-AI-2026E1-P04-C32-S03,editorial_synthesis,NIST-SP-1270,NIST Special Publication 1270,Towards a Standard for Identifying and Managing Bias in Artificial Intelligence,,,0
KDJ-AI-2026E1-P04-C33-S01-106637B7,KDJ-AI-2026E1-P04-C33-S01,editorial_synthesis,NIST-IR-8312,NISTIR 8312,Four Principles of Explainable Artificial Intelligence,,,0
KDJ-AI-2026E1-P04-C33-S01-106637B7,KDJ-AI-2026E1-P04-C33-S01,editorial_synthesis,NIST-IR-8367,NISTIR 8367,Psychological Foundations of Explainability and Interpretability in Artificial Intelligence,,,0
KDJ-AI-2026E1-P04-C33-S01-106637B7,KDJ-AI-2026E1-P04-C33-S01,editorial_synthesis,NIST-SP-1270,NIST Special Publication 1270,Towards a Standard for Identifying and Managing Bias in Artificial Intelligence,,,0
KDJ-AI-2026E1-P04-C34-S01-2AE3E87F,KDJ-AI-2026E1-P04-C34-S01,editorial_localization_ir,NIST-IR-8312,NISTIR 8312,Four Principles of Explainable Artificial Intelligence,,,0
KDJ-AI-2026E1-P04-C34-S01-2AE3E87F,KDJ-AI-2026E1-P04-C34-S01,editorial_localization_ir,NIST-IR-8367,NISTIR 8367,Psychological Foundations of Explainability and Interpretability in Artificial Intelligence,,,0
KDJ-AI-2026E1-P04-C34-S01-2AE3E87F,KDJ-AI-2026E1-P04-C34-S01,editorial_localization_ir,NIST-SP-1270,NIST Special Publication 1270,Towards a Standard for Identifying and Managing Bias in Artificial Intelligence,,,0
KDJ-AI-2026E1-P04-C34-S02-CE1D1EDA,KDJ-AI-2026E1-P04-C34-S02,editorial_localization_ir,NIST-IR-8312,NISTIR 8312,Four Principles of Explainable Artificial Intelligence,,,0
KDJ-AI-2026E1-P04-C34-S02-CE1D1EDA,KDJ-AI-2026E1-P04-C34-S02,editorial_localization_ir,NIST-IR-8367,NISTIR 8367,Psychological Foundations of Explainability and Interpretability in Artificial Intelligence,,,0
KDJ-AI-2026E1-P04-C34-S02-CE1D1EDA,KDJ-AI-2026E1-P04-C34-S02,editorial_localization_ir,NIST-SP-1270,NIST Special Publication 1270,Towards a Standard for Identifying and Managing Bias in Artificial Intelligence,,,0
KDJ-AI-2026E1-P04-C34-S03-32B6A51C,KDJ-AI-2026E1-P04-C34-S03,editorial_localization_ir,NIST-IR-8312,NISTIR 8312,Four Principles of Explainable Artificial Intelligence,,,0
KDJ-AI-2026E1-P04-C34-S03-32B6A51C,KDJ-AI-2026E1-P04-C34-S03,editorial_localization_ir,NIST-IR-8367,NISTIR 8367,Psychological Foundations of Explainability and Interpretability in Artificial Intelligence,,,0
KDJ-AI-2026E1-P04-C34-S03-32B6A51C,KDJ-AI-2026E1-P04-C34-S03,editorial_localization_ir,NIST-SP-1270,NIST Special Publication 1270,Towards a Standard for Identifying and Managing Bias in Artificial Intelligence,,,0
KDJ-AI-2026E1-P04-C34-S04-979A9012,KDJ-AI-2026E1-P04-C34-S04,editorial_localization_ir,NIST-IR-8312,NISTIR 8312,Four Principles of Explainable Artificial Intelligence,,,0
KDJ-AI-2026E1-P04-C34-S04-979A9012,KDJ-AI-2026E1-P04-C34-S04,editorial_localization_ir,NIST-IR-8367,NISTIR 8367,Psychological Foundations of Explainability and Interpretability in Artificial Intelligence,,,0
KDJ-AI-2026E1-P04-C34-S04-979A9012,KDJ-AI-2026E1-P04-C34-S04,editorial_localization_ir,NIST-SP-1270,NIST Special Publication 1270,Towards a Standard for Identifying and Managing Bias in Artificial Intelligence,,,0
KDJ-AI-2026E1-P04-C34-S05-BE63B7D3,KDJ-AI-2026E1-P04-C34-S05,editorial_localization_ir,NIST-IR-8312,NISTIR 8312,Four Principles of Explainable Artificial Intelligence,,,0
KDJ-AI-2026E1-P04-C34-S05-BE63B7D3,KDJ-AI-2026E1-P04-C34-S05,editorial_localization_ir,NIST-IR-8367,NISTIR 8367,Psychological Foundations of Explainability and Interpretability in Artificial Intelligence,,,0
KDJ-AI-2026E1-P04-C34-S05-BE63B7D3,KDJ-AI-2026E1-P04-C34-S05,editorial_localization_ir,NIST-SP-1270,NIST Special Publication 1270,Towards a Standard for Identifying and Managing Bias in Artificial Intelligence,,,0
KDJ-AI-2026E1-P04-C34-S06-F527FD68,KDJ-AI-2026E1-P04-C34-S06,editorial_localization_ir,NIST-IR-8312,NISTIR 8312,Four Principles of Explainable Artificial Intelligence,,,0
KDJ-AI-2026E1-P04-C34-S06-F527FD68,KDJ-AI-2026E1-P04-C34-S06,editorial_localization_ir,NIST-IR-8367,NISTIR 8367,Psychological Foundations of Explainability and Interpretability in Artificial Intelligence,,,0
KDJ-AI-2026E1-P04-C34-S06-F527FD68,KDJ-AI-2026E1-P04-C34-S06,editorial_localization_ir,NIST-SP-1270,NIST Special Publication 1270,Towards a Standard for Identifying and Managing Bias in Artificial Intelligence,,,0
KDJ-AI-2026E1-P04-C34-S07-A0C185E8,KDJ-AI-2026E1-P04-C34-S07,editorial_localization_ir,NIST-IR-8312,NISTIR 8312,Four Principles of Explainable Artificial Intelligence,,,0
KDJ-AI-2026E1-P04-C34-S07-A0C185E8,KDJ-AI-2026E1-P04-C34-S07,editorial_localization_ir,NIST-IR-8367,NISTIR 8367,Psychological Foundations of Explainability and Interpretability in Artificial Intelligence,,,0
KDJ-AI-2026E1-P04-C34-S07-A0C185E8,KDJ-AI-2026E1-P04-C34-S07,editorial_localization_ir,NIST-SP-1270,NIST Special Publication 1270,Towards a Standard for Identifying and Managing Bias in Artificial Intelligence,,,0
KDJ-AI-2026E1-P04-C34-S08-287099FD,KDJ-AI-2026E1-P04-C34-S08,editorial_localization_ir,NIST-IR-8312,NISTIR 8312,Four Principles of Explainable Artificial Intelligence,,,0
KDJ-AI-2026E1-P04-C34-S08-287099FD,KDJ-AI-2026E1-P04-C34-S08,editorial_localization_ir,NIST-IR-8367,NISTIR 8367,Psychological Foundations of Explainability and Interpretability in Artificial Intelligence,,,0
KDJ-AI-2026E1-P04-C34-S08-287099FD,KDJ-AI-2026E1-P04-C34-S08,editorial_localization_ir,NIST-SP-1270,NIST Special Publication 1270,Towards a Standard for Identifying and Managing Bias in Artificial Intelligence,,,0
KDJ-AI-2026E1-P05-C35-S01-9AFC95B3,KDJ-AI-2026E1-P05-C35-S01,editorial_synthesis,NIST-AI-700-1,NIST AI 700-1,2024 NIST GenAI (Pilot Study): Text-to-Text Evaluation Overview and Results,,,0
KDJ-AI-2026E1-P05-C35-S01-9AFC95B3,KDJ-AI-2026E1-P05-C35-S01,editorial_synthesis,NIST-AI-700-2,NIST AI 700-2,Assessing Risks and Impacts of AI (ARIA),,,0
KDJ-AI-2026E1-P05-C35-S01-9AFC95B3,KDJ-AI-2026E1-P05-C35-S01,editorial_synthesis,NIST-AI-100-4-IPD,NIST AI 100-4,Reducing Risks Posed by Synthetic Content,,,0
KDJ-AI-2026E1-P05-C35-S02-F985332C,KDJ-AI-2026E1-P05-C35-S02,editorial_synthesis,NIST-AI-700-1,NIST AI 700-1,2024 NIST GenAI (Pilot Study): Text-to-Text Evaluation Overview and Results,,,0
KDJ-AI-2026E1-P05-C35-S02-F985332C,KDJ-AI-2026E1-P05-C35-S02,editorial_synthesis,NIST-AI-700-2,NIST AI 700-2,Assessing Risks and Impacts of AI (ARIA),,,0
KDJ-AI-2026E1-P05-C35-S02-F985332C,KDJ-AI-2026E1-P05-C35-S02,editorial_synthesis,NIST-AI-100-4-IPD,NIST AI 100-4,Reducing Risks Posed by Synthetic Content,,,0
KDJ-AI-2026E1-P05-C35-S03-4CF1DA24,KDJ-AI-2026E1-P05-C35-S03,editorial_synthesis,NIST-AI-700-1,NIST AI 700-1,2024 NIST GenAI (Pilot Study): Text-to-Text Evaluation Overview and Results,,,0
KDJ-AI-2026E1-P05-C35-S03-4CF1DA24,KDJ-AI-2026E1-P05-C35-S03,editorial_synthesis,NIST-AI-700-2,NIST AI 700-2,Assessing Risks and Impacts of AI (ARIA),,,0
KDJ-AI-2026E1-P05-C35-S03-4CF1DA24,KDJ-AI-2026E1-P05-C35-S03,editorial_synthesis,NIST-AI-100-4-IPD,NIST AI 100-4,Reducing Risks Posed by Synthetic Content,,,0
KDJ-AI-2026E1-P05-C35-S04-D3D3E30A,KDJ-AI-2026E1-P05-C35-S04,editorial_synthesis,NIST-AI-700-1,NIST AI 700-1,2024 NIST GenAI (Pilot Study): Text-to-Text Evaluation Overview and Results,,,0
KDJ-AI-2026E1-P05-C35-S04-D3D3E30A,KDJ-AI-2026E1-P05-C35-S04,editorial_synthesis,NIST-AI-700-2,NIST AI 700-2,Assessing Risks and Impacts of AI (ARIA),,,0
KDJ-AI-2026E1-P05-C35-S04-D3D3E30A,KDJ-AI-2026E1-P05-C35-S04,editorial_synthesis,NIST-AI-100-4-IPD,NIST AI 100-4,Reducing Risks Posed by Synthetic Content,,,0
KDJ-AI-2026E1-P05-C36-S01-0C20D5C9,KDJ-AI-2026E1-P05-C36-S01,source_translation,NIST-AI-700-1,NIST AI 700-1,2024 NIST GenAI (Pilot Study): Text-to-Text Evaluation Overview and Results,FM,1 2 3 4,33
KDJ-AI-2026E1-P05-C36-S02-58B531BF,KDJ-AI-2026E1-P05-C36-S02,source_translation,NIST-AI-700-1,NIST AI 700-1,2024 NIST GenAI (Pilot Study): Text-to-Text Evaluation Overview and Results,1,10 11,9
KDJ-AI-2026E1-P05-C36-S03-546D6F51,KDJ-AI-2026E1-P05-C36-S03,source_translation,NIST-AI-700-1,NIST AI 700-1,2024 NIST GenAI (Pilot Study): Text-to-Text Evaluation Overview and Results,2,11 12 13,20
KDJ-AI-2026E1-P05-C36-S04-772031F2,KDJ-AI-2026E1-P05-C36-S04,source_translation,NIST-AI-700-1,NIST AI 700-1,2024 NIST GenAI (Pilot Study): Text-to-Text Evaluation Overview and Results,3,13 14 15,13
KDJ-AI-2026E1-P05-C36-S05-901DA9A2,KDJ-AI-2026E1-P05-C36-S05,source_translation,NIST-AI-700-1,NIST AI 700-1,2024 NIST GenAI (Pilot Study): Text-to-Text Evaluation Overview and Results,4,15 16 17 18 19 20 21 22 23,138
KDJ-AI-2026E1-P05-C36-S06-2D1D3E04,KDJ-AI-2026E1-P05-C36-S06,source_translation,NIST-AI-700-1,NIST AI 700-1,2024 NIST GenAI (Pilot Study): Text-to-Text Evaluation Overview and Results,5,23 24 25,14
KDJ-AI-2026E1-P05-C36-S07-526B02B1,KDJ-AI-2026E1-P05-C36-S07,source_translation,NIST-AI-700-1,NIST AI 700-1,2024 NIST GenAI (Pilot Study): Text-to-Text Evaluation Overview and Results,6,25 26 27 28 29,45
KDJ-AI-2026E1-P05-C36-S08-32C00D45,KDJ-AI-2026E1-P05-C36-S08,source_translation,NIST-AI-700-1,NIST AI 700-1,2024 NIST GenAI (Pilot Study): Text-to-Text Evaluation Overview and Results,7,29 30 31 32 33 34,53
KDJ-AI-2026E1-P05-C36-S09-E58DE430,KDJ-AI-2026E1-P05-C36-S09,source_translation,NIST-AI-700-1,NIST AI 700-1,2024 NIST GenAI (Pilot Study): Text-to-Text Evaluation Overview and Results,8,35 36 37 38 39 40 41 42 43 44 45 46 47 48 49 50,66
KDJ-AI-2026E1-P05-C36-S10-2BD8CA1D,KDJ-AI-2026E1-P05-C36-S10,source_translation,NIST-AI-700-1,NIST AI 700-1,2024 NIST GenAI (Pilot Study): Text-to-Text Evaluation Overview and Results,9,50 51 52,15
KDJ-AI-2026E1-P05-C36-S11-A177B52F,KDJ-AI-2026E1-P05-C36-S11,source_translation,NIST-AI-700-1,NIST AI 700-1,2024 NIST GenAI (Pilot Study): Text-to-Text Evaluation Overview and Results,10,52,2
KDJ-AI-2026E1-P05-C36-S12-4BF67646,KDJ-AI-2026E1-P05-C36-S12,source_translation,NIST-AI-700-1,NIST AI 700-1,2024 NIST GenAI (Pilot Study): Text-to-Text Evaluation Overview and Results,11,52 53 54 55 56 57 58 59 60 61,63
KDJ-AI-2026E1-P05-C37-S01-14A43229,KDJ-AI-2026E1-P05-C37-S01,source_translation,NIST-AI-700-2,NIST AI 700-2,Assessing Risks and Impacts of AI (ARIA),FM,1 2 3 4 5 6 7,43
KDJ-AI-2026E1-P05-C37-S02-D1856E61,KDJ-AI-2026E1-P05-C37-S02,source_translation,NIST-AI-700-2,NIST AI 700-2,Assessing Risks and Impacts of AI (ARIA),1,8 9,7
KDJ-AI-2026E1-P05-C37-S03-E1515D1A,KDJ-AI-2026E1-P05-C37-S03,source_translation,NIST-AI-700-2,NIST AI 700-2,Assessing Risks and Impacts of AI (ARIA),2,9 10 11,23
KDJ-AI-2026E1-P05-C37-S04-8130A164,KDJ-AI-2026E1-P05-C37-S04,source_translation,NIST-AI-700-2,NIST AI 700-2,Assessing Risks and Impacts of AI (ARIA),3,11 12 13 14,30
KDJ-AI-2026E1-P05-C37-S05-D87E30DE,KDJ-AI-2026E1-P05-C37-S05,source_translation,NIST-AI-700-2,NIST AI 700-2,Assessing Risks and Impacts of AI (ARIA),4,14 15,6
KDJ-AI-2026E1-P05-C37-S06-22E19A6F,KDJ-AI-2026E1-P05-C37-S06,source_translation,NIST-AI-700-2,NIST AI 700-2,Assessing Risks and Impacts of AI (ARIA),5,15 16 17 18 19 20,39
KDJ-AI-2026E1-P05-C37-S07-70A9AD0C,KDJ-AI-2026E1-P05-C37-S07,source_translation,NIST-AI-700-2,NIST AI 700-2,Assessing Risks and Impacts of AI (ARIA),6,20 21,6
KDJ-AI-2026E1-P05-C37-S08-AA6C677E,KDJ-AI-2026E1-P05-C37-S08,source_translation,NIST-AI-700-2,NIST AI 700-2,Assessing Risks and Impacts of AI (ARIA),7,21 22,10
KDJ-AI-2026E1-P05-C37-S09-D1CB190D,KDJ-AI-2026E1-P05-C37-S09,source_translation,NIST-AI-700-2,NIST AI 700-2,Assessing Risks and Impacts of AI (ARIA),APPA,23 24 25,62
KDJ-AI-2026E1-P05-C37-S10-2A07E0D7,KDJ-AI-2026E1-P05-C37-S10,source_translation,NIST-AI-700-2,NIST AI 700-2,Assessing Risks and Impacts of AI (ARIA),APPB,26 27 28,16
KDJ-AI-2026E1-P05-C37-S11-F8E7EE63,KDJ-AI-2026E1-P05-C37-S11,source_translation,NIST-AI-700-2,NIST AI 700-2,Assessing Risks and Impacts of AI (ARIA),APPC,29,8
KDJ-AI-2026E1-P05-C37-S12-311B1734,KDJ-AI-2026E1-P05-C37-S12,source_translation,NIST-AI-700-2,NIST AI 700-2,Assessing Risks and Impacts of AI (ARIA),APPD,30 31 32,38
KDJ-AI-2026E1-P05-C37-S13-C20150AC,KDJ-AI-2026E1-P05-C37-S13,source_translation,NIST-AI-700-2,NIST AI 700-2,Assessing Risks and Impacts of AI (ARIA),APPE,33 34 35 36 37 38,14
KDJ-AI-2026E1-P05-C38-S01-86662086,KDJ-AI-2026E1-P05-C38-S01,source_translation,NIST-AI-100-4-IPD,NIST AI 100-4,Reducing Risks Posed by Synthetic Content,FM,5 6,27
KDJ-AI-2026E1-P05-C38-S02-3F3E5404,KDJ-AI-2026E1-P05-C38-S02,source_translation,NIST-AI-100-4-IPD,NIST AI 100-4,Reducing Risks Posed by Synthetic Content,2,7 8 9 10 11,47
KDJ-AI-2026E1-P05-C38-S03-F686ADAE,KDJ-AI-2026E1-P05-C38-S03,source_translation,NIST-AI-100-4-IPD,NIST AI 100-4,Reducing Risks Posed by Synthetic Content,3.1.1,11 12 13 14 15 16 17 18 19,67
KDJ-AI-2026E1-P05-C38-S04-5DC23AB6,KDJ-AI-2026E1-P05-C38-S04,source_translation,NIST-AI-100-4-IPD,NIST AI 100-4,Reducing Risks Posed by Synthetic Content,3.1.2,19 20,21
KDJ-AI-2026E1-P05-C38-S05-1515F109,KDJ-AI-2026E1-P05-C38-S05,source_translation,NIST-AI-100-4-IPD,NIST AI 100-4,Reducing Risks Posed by Synthetic Content,3.1.2.1,21,7
KDJ-AI-2026E1-P05-C38-S06-570651A0,KDJ-AI-2026E1-P05-C38-S06,source_translation,NIST-AI-100-4-IPD,NIST AI 100-4,Reducing Risks Posed by Synthetic Content,3.1.2.2,21 22 23,23
KDJ-AI-2026E1-P05-C38-S07-39754FC1,KDJ-AI-2026E1-P05-C38-S07,source_translation,NIST-AI-100-4-IPD,NIST AI 100-4,Reducing Risks Posed by Synthetic Content,3.1.3,23,2
KDJ-AI-2026E1-P05-C38-S08-F09F88C9,KDJ-AI-2026E1-P05-C38-S08,source_translation,NIST-AI-100-4-IPD,NIST AI 100-4,Reducing Risks Posed by Synthetic Content,3.1.3.1,24,6
KDJ-AI-2026E1-P05-C38-S09-19B8F56B,KDJ-AI-2026E1-P05-C38-S09,source_translation,NIST-AI-100-4-IPD,NIST AI 100-4,Reducing Risks Posed by Synthetic Content,3.1.3.2,24,3
KDJ-AI-2026E1-P05-C38-S10-37162624,KDJ-AI-2026E1-P05-C38-S10,source_translation,NIST-AI-100-4-IPD,NIST AI 100-4,Reducing Risks Posed by Synthetic Content,3.1.3.3,24 25,6
KDJ-AI-2026E1-P05-C38-S11-ED40540D,KDJ-AI-2026E1-P05-C38-S11,source_translation,NIST-AI-100-4-IPD,NIST AI 100-4,Reducing Risks Posed by Synthetic Content,3.1.3.4,25 26,5
KDJ-AI-2026E1-P05-C38-S12-229D0DB9,KDJ-AI-2026E1-P05-C38-S12,source_translation,NIST-AI-100-4-IPD,NIST AI 100-4,Reducing Risks Posed by Synthetic Content,3.1.4,26 27,23
KDJ-AI-2026E1-P05-C38-S13-D53B8F23,KDJ-AI-2026E1-P05-C38-S13,source_translation,NIST-AI-100-4-IPD,NIST AI 100-4,Reducing Risks Posed by Synthetic Content,3.1.4.2,27 28 29,37
KDJ-AI-2026E1-P05-C38-S14-438AB865,KDJ-AI-2026E1-P05-C38-S14,source_translation,NIST-AI-100-4-IPD,NIST AI 100-4,Reducing Risks Posed by Synthetic Content,3.1.4.3,29 30 31,20
KDJ-AI-2026E1-P05-C38-S15-E24E1E1F,KDJ-AI-2026E1-P05-C38-S15,source_translation,NIST-AI-100-4-IPD,NIST AI 100-4,Reducing Risks Posed by Synthetic Content,3.1.4.4,31 32 33 34,28
KDJ-AI-2026E1-P05-C38-S16-1D1B4776,KDJ-AI-2026E1-P05-C38-S16,source_translation,NIST-AI-100-4-IPD,NIST AI 100-4,Reducing Risks Posed by Synthetic Content,3.1.4.5,34 35 36,27
KDJ-AI-2026E1-P05-C38-S17-5E7A8BFC,KDJ-AI-2026E1-P05-C38-S17,source_translation,NIST-AI-100-4-IPD,NIST AI 100-4,Reducing Risks Posed by Synthetic Content,4.1.1,36,5
KDJ-AI-2026E1-P05-C38-S18-F7D3C58C,KDJ-AI-2026E1-P05-C38-S18,source_translation,NIST-AI-100-4-IPD,NIST AI 100-4,Reducing Risks Posed by Synthetic Content,4.1.2,36 37,11
KDJ-AI-2026E1-P05-C38-S19-C58CA62D,KDJ-AI-2026E1-P05-C38-S19,source_translation,NIST-AI-100-4-IPD,NIST AI 100-4,Reducing Risks Posed by Synthetic Content,4.2.1,37 38,10
KDJ-AI-2026E1-P05-C38-S20-6F8F175A,KDJ-AI-2026E1-P05-C38-S20,source_translation,NIST-AI-100-4-IPD,NIST AI 100-4,Reducing Risks Posed by Synthetic Content,4.2.3,38 39,20
KDJ-AI-2026E1-P05-C38-S21-09BB9EC7,KDJ-AI-2026E1-P05-C38-S21,source_translation,NIST-AI-100-4-IPD,NIST AI 100-4,Reducing Risks Posed by Synthetic Content,5,40,17
KDJ-AI-2026E1-P05-C38-S22-8E0FA447,KDJ-AI-2026E1-P05-C38-S22,source_translation,NIST-AI-100-4-IPD,NIST AI 100-4,Reducing Risks Posed by Synthetic Content,5.1.1,40 41,11
KDJ-AI-2026E1-P05-C38-S23-2C2B4742,KDJ-AI-2026E1-P05-C38-S23,source_translation,NIST-AI-100-4-IPD,NIST AI 100-4,Reducing Risks Posed by Synthetic Content,5.1.2,41 42,11
KDJ-AI-2026E1-P05-C38-S24-D5BC17C3,KDJ-AI-2026E1-P05-C38-S24,source_translation,NIST-AI-100-4-IPD,NIST AI 100-4,Reducing Risks Posed by Synthetic Content,5.1.2.1,42,9
KDJ-AI-2026E1-P05-C38-S25-0837A359,KDJ-AI-2026E1-P05-C38-S25,source_translation,NIST-AI-100-4-IPD,NIST AI 100-4,Reducing Risks Posed by Synthetic Content,5.1.3,42,2
KDJ-AI-2026E1-P05-C38-S26-F7DA881B,KDJ-AI-2026E1-P05-C38-S26,source_translation,NIST-AI-100-4-IPD,NIST AI 100-4,Reducing Risks Posed by Synthetic Content,5.1.3.1,43 44 45,39
KDJ-AI-2026E1-P05-C38-S27-8EA72266,KDJ-AI-2026E1-P05-C38-S27,source_translation,NIST-AI-100-4-IPD,NIST AI 100-4,Reducing Risks Posed by Synthetic Content,5.1.5.1,45 46,8
KDJ-AI-2026E1-P05-C38-S28-CA825B4D,KDJ-AI-2026E1-P05-C38-S28,source_translation,NIST-AI-100-4-IPD,NIST AI 100-4,Reducing Risks Posed by Synthetic Content,5.1.6,46,3
KDJ-AI-2026E1-P05-C38-S29-393A2AD0,KDJ-AI-2026E1-P05-C38-S29,source_translation,NIST-AI-100-4-IPD,NIST AI 100-4,Reducing Risks Posed by Synthetic Content,5.1.6.1,46 47 48,30
KDJ-AI-2026E1-P05-C38-S30-F247B358,KDJ-AI-2026E1-P05-C38-S30,source_translation,NIST-AI-100-4-IPD,NIST AI 100-4,Reducing Risks Posed by Synthetic Content,7,49 50 51 52 53 54 55 56 57 58 59 60 61 62 63 64 65 66 67 68 69 70 71,496
KDJ-AI-2026E1-P05-C38-S31-9ABDE5E2,KDJ-AI-2026E1-P05-C38-S31,source_translation,NIST-AI-100-4-IPD,NIST AI 100-4,Reducing Risks Posed by Synthetic Content,A1SYNTHETICCONTENTSTANDARDSA,71 72 73,5
KDJ-AI-2026E1-P05-C38-S32-D7600234,KDJ-AI-2026E1-P05-C38-S32,source_translation,NIST-AI-100-4-IPD,NIST AI 100-4,Reducing Risks Posed by Synthetic Content,A2SELECTEDNISTPRACTICESANDGU,73,3
KDJ-AI-2026E1-P05-C38-S33-EC496E96,KDJ-AI-2026E1-P05-C38-S33,source_translation,NIST-AI-100-4-IPD,NIST AI 100-4,Reducing Risks Posed by Synthetic Content,A3METADATASTANDARDS,73 74,14
KDJ-AI-2026E1-P05-C38-S34-4855B022,KDJ-AI-2026E1-P05-C38-S34,source_translation,NIST-AI-100-4-IPD,NIST AI 100-4,Reducing Risks Posed by Synthetic Content,1,75 76 77 78 79,8
KDJ-AI-2026E1-P05-C38-S35-56AB4ED5,KDJ-AI-2026E1-P05-C38-S35,source_translation,NIST-AI-100-4-IPD,NIST AI 100-4,Reducing Risks Posed by Synthetic Content,C1EXAMPLEDIGITALWATERMARKUSE,79,9
KDJ-AI-2026E1-P05-C38-S36-78DA0367,KDJ-AI-2026E1-P05-C38-S36,source_translation,NIST-AI-100-4-IPD,NIST AI 100-4,Reducing Risks Posed by Synthetic Content,C2WATERMARKINGAPPLICATIONSPR,79,3
KDJ-AI-2026E1-P05-C38-S37-D3817417,KDJ-AI-2026E1-P05-C38-S37,source_translation,NIST-AI-100-4-IPD,NIST AI 100-4,Reducing Risks Posed by Synthetic Content,C3CURRENTPROVENANCERELATEDIN,79 80 81 82,6
KDJ-AI-2026E1-P05-C38-S38-26576F14,KDJ-AI-2026E1-P05-C38-S38,source_translation,NIST-AI-100-4-IPD,NIST AI 100-4,Reducing Risks Posed by Synthetic Content,D1SYNTHETICIMAGEDETECTIONDAT,82,5
KDJ-AI-2026E1-P05-C38-S39-6AA038CE,KDJ-AI-2026E1-P05-C38-S39,source_translation,NIST-AI-100-4-IPD,NIST AI 100-4,Reducing Risks Posed by Synthetic Content,D2SYNTHETICVIDEODETECTIONDAT,82 83 84 85 86 87,20
KDJ-AI-2026E1-P05-C38-S40-CC38F49F,KDJ-AI-2026E1-P05-C38-S40,source_translation,NIST-AI-100-4-IPD,NIST AI 100-4,Reducing Risks Posed by Synthetic Content,D5BENCHMARKDATASETSFORLLMSGE,87,8
KDJ-AI-2026E1-P05-C38-S41-3B0A1737,KDJ-AI-2026E1-P05-C38-S41,source_translation,NIST-AI-100-4-IPD,NIST AI 100-4,Reducing Risks Posed by Synthetic Content,D6SYNTHETICAUDIODETECTIONMET,87 88,11
KDJ-AI-2026E1-P05-C38-S42-BC236A80,KDJ-AI-2026E1-P05-C38-S42,source_translation,NIST-AI-100-4-IPD,NIST AI 100-4,Reducing Risks Posed by Synthetic Content,D7SYNTHETICAUDIODETECTIONDAT,88 89 90 91,18
KDJ-AI-2026E1-P05-C38-S43-6054BAE7,KDJ-AI-2026E1-P05-C38-S43,source_translation,NIST-AI-100-4-IPD,NIST AI 100-4,Reducing Risks Posed by Synthetic Content,E1BACKGROUNDTESTINGANDEVALUA,91,2
KDJ-AI-2026E1-P05-C38-S44-FDBC2B04,KDJ-AI-2026E1-P05-C38-S44,source_translation,NIST-AI-100-4-IPD,NIST AI 100-4,Reducing Risks Posed by Synthetic Content,E2BACKGROUNDACOMMONTESTINGEX,91,3
KDJ-AI-2026E1-P05-C38-S45-F673D2D9,KDJ-AI-2026E1-P05-C38-S45,source_translation,NIST-AI-100-4-IPD,NIST AI 100-4,Reducing Risks Posed by Synthetic Content,E3BACKGROUNDFRAMEWORKSFORMOD,91,2
KDJ-AI-2026E1-P05-C38-S46-4F8C4FFD,KDJ-AI-2026E1-P05-C38-S46,source_translation,NIST-AI-100-4-IPD,NIST AI 100-4,Reducing Risks Posed by Synthetic Content,E4ADVERSARIALATTACKSANDDEFEN,91 92,6
KDJ-AI-2026E1-P05-C38-S47-BFEBF221,KDJ-AI-2026E1-P05-C38-S47,source_translation,NIST-AI-100-4-IPD,NIST AI 100-4,Reducing Risks Posed by Synthetic Content,E5THEORETICALPROOFSTOSUPPORT,92,3
KDJ-AI-2026E1-P05-C38-S48-B2459E5F,KDJ-AI-2026E1-P05-C38-S48,source_translation,NIST-AI-100-4-IPD,NIST AI 100-4,Reducing Risks Posed by Synthetic Content,E6SIMILARITYANDDISTANCEMETRI,92 93 94 95,38
KDJ-AI-2026E1-P05-C39-S01-E712678F,KDJ-AI-2026E1-P05-C39-S01,editorial_synthesis,NIST-AI-700-1,NIST AI 700-1,2024 NIST GenAI (Pilot Study): Text-to-Text Evaluation Overview and Results,,,0
KDJ-AI-2026E1-P05-C39-S01-E712678F,KDJ-AI-2026E1-P05-C39-S01,editorial_synthesis,NIST-AI-700-2,NIST AI 700-2,Assessing Risks and Impacts of AI (ARIA),,,0
KDJ-AI-2026E1-P05-C39-S01-E712678F,KDJ-AI-2026E1-P05-C39-S01,editorial_synthesis,NIST-AI-100-4-IPD,NIST AI 100-4,Reducing Risks Posed by Synthetic Content,,,0
KDJ-AI-2026E1-P05-C39-S02-3DC37803,KDJ-AI-2026E1-P05-C39-S02,editorial_synthesis,NIST-AI-700-1,NIST AI 700-1,2024 NIST GenAI (Pilot Study): Text-to-Text Evaluation Overview and Results,,,0
KDJ-AI-2026E1-P05-C39-S02-3DC37803,KDJ-AI-2026E1-P05-C39-S02,editorial_synthesis,NIST-AI-700-2,NIST AI 700-2,Assessing Risks and Impacts of AI (ARIA),,,0
KDJ-AI-2026E1-P05-C39-S02-3DC37803,KDJ-AI-2026E1-P05-C39-S02,editorial_synthesis,NIST-AI-100-4-IPD,NIST AI 100-4,Reducing Risks Posed by Synthetic Content,,,0
KDJ-AI-2026E1-P05-C39-S03-8BCFA70A,KDJ-AI-2026E1-P05-C39-S03,editorial_synthesis,NIST-AI-700-1,NIST AI 700-1,2024 NIST GenAI (Pilot Study): Text-to-Text Evaluation Overview and Results,,,0
KDJ-AI-2026E1-P05-C39-S03-8BCFA70A,KDJ-AI-2026E1-P05-C39-S03,editorial_synthesis,NIST-AI-700-2,NIST AI 700-2,Assessing Risks and Impacts of AI (ARIA),,,0
KDJ-AI-2026E1-P05-C39-S03-8BCFA70A,KDJ-AI-2026E1-P05-C39-S03,editorial_synthesis,NIST-AI-100-4-IPD,NIST AI 100-4,Reducing Risks Posed by Synthetic Content,,,0
KDJ-AI-2026E1-P05-C40-S01-275425BE,KDJ-AI-2026E1-P05-C40-S01,editorial_synthesis,NIST-AI-700-1,NIST AI 700-1,2024 NIST GenAI (Pilot Study): Text-to-Text Evaluation Overview and Results,,,0
KDJ-AI-2026E1-P05-C40-S01-275425BE,KDJ-AI-2026E1-P05-C40-S01,editorial_synthesis,NIST-AI-700-2,NIST AI 700-2,Assessing Risks and Impacts of AI (ARIA),,,0
KDJ-AI-2026E1-P05-C40-S01-275425BE,KDJ-AI-2026E1-P05-C40-S01,editorial_synthesis,NIST-AI-100-4-IPD,NIST AI 100-4,Reducing Risks Posed by Synthetic Content,,,0
KDJ-AI-2026E1-P05-C41-S01-426C038F,KDJ-AI-2026E1-P05-C41-S01,editorial_localization_ir,NIST-AI-700-1,NIST AI 700-1,2024 NIST GenAI (Pilot Study): Text-to-Text Evaluation Overview and Results,,,0
KDJ-AI-2026E1-P05-C41-S01-426C038F,KDJ-AI-2026E1-P05-C41-S01,editorial_localization_ir,NIST-AI-700-2,NIST AI 700-2,Assessing Risks and Impacts of AI (ARIA),,,0
KDJ-AI-2026E1-P05-C41-S01-426C038F,KDJ-AI-2026E1-P05-C41-S01,editorial_localization_ir,NIST-AI-100-4-IPD,NIST AI 100-4,Reducing Risks Posed by Synthetic Content,,,0
KDJ-AI-2026E1-P05-C41-S02-0C1F257B,KDJ-AI-2026E1-P05-C41-S02,editorial_localization_ir,NIST-AI-700-1,NIST AI 700-1,2024 NIST GenAI (Pilot Study): Text-to-Text Evaluation Overview and Results,,,0
KDJ-AI-2026E1-P05-C41-S02-0C1F257B,KDJ-AI-2026E1-P05-C41-S02,editorial_localization_ir,NIST-AI-700-2,NIST AI 700-2,Assessing Risks and Impacts of AI (ARIA),,,0
KDJ-AI-2026E1-P05-C41-S02-0C1F257B,KDJ-AI-2026E1-P05-C41-S02,editorial_localization_ir,NIST-AI-100-4-IPD,NIST AI 100-4,Reducing Risks Posed by Synthetic Content,,,0
KDJ-AI-2026E1-P05-C41-S03-4B4B384A,KDJ-AI-2026E1-P05-C41-S03,editorial_localization_ir,NIST-AI-700-1,NIST AI 700-1,2024 NIST GenAI (Pilot Study): Text-to-Text Evaluation Overview and Results,,,0
KDJ-AI-2026E1-P05-C41-S03-4B4B384A,KDJ-AI-2026E1-P05-C41-S03,editorial_localization_ir,NIST-AI-700-2,NIST AI 700-2,Assessing Risks and Impacts of AI (ARIA),,,0
KDJ-AI-2026E1-P05-C41-S03-4B4B384A,KDJ-AI-2026E1-P05-C41-S03,editorial_localization_ir,NIST-AI-100-4-IPD,NIST AI 100-4,Reducing Risks Posed by Synthetic Content,,,0
KDJ-AI-2026E1-P05-C41-S04-65E75291,KDJ-AI-2026E1-P05-C41-S04,editorial_localization_ir,NIST-AI-700-1,NIST AI 700-1,2024 NIST GenAI (Pilot Study): Text-to-Text Evaluation Overview and Results,,,0
KDJ-AI-2026E1-P05-C41-S04-65E75291,KDJ-AI-2026E1-P05-C41-S04,editorial_localization_ir,NIST-AI-700-2,NIST AI 700-2,Assessing Risks and Impacts of AI (ARIA),,,0
KDJ-AI-2026E1-P05-C41-S04-65E75291,KDJ-AI-2026E1-P05-C41-S04,editorial_localization_ir,NIST-AI-100-4-IPD,NIST AI 100-4,Reducing Risks Posed by Synthetic Content,,,0
KDJ-AI-2026E1-P05-C41-S05-3DC2E746,KDJ-AI-2026E1-P05-C41-S05,editorial_localization_ir,NIST-AI-700-1,NIST AI 700-1,2024 NIST GenAI (Pilot Study): Text-to-Text Evaluation Overview and Results,,,0
KDJ-AI-2026E1-P05-C41-S05-3DC2E746,KDJ-AI-2026E1-P05-C41-S05,editorial_localization_ir,NIST-AI-700-2,NIST AI 700-2,Assessing Risks and Impacts of AI (ARIA),,,0
KDJ-AI-2026E1-P05-C41-S05-3DC2E746,KDJ-AI-2026E1-P05-C41-S05,editorial_localization_ir,NIST-AI-100-4-IPD,NIST AI 100-4,Reducing Risks Posed by Synthetic Content,,,0
KDJ-AI-2026E1-P05-C41-S06-8D71967D,KDJ-AI-2026E1-P05-C41-S06,editorial_localization_ir,NIST-AI-700-1,NIST AI 700-1,2024 NIST GenAI (Pilot Study): Text-to-Text Evaluation Overview and Results,,,0
KDJ-AI-2026E1-P05-C41-S06-8D71967D,KDJ-AI-2026E1-P05-C41-S06,editorial_localization_ir,NIST-AI-700-2,NIST AI 700-2,Assessing Risks and Impacts of AI (ARIA),,,0
KDJ-AI-2026E1-P05-C41-S06-8D71967D,KDJ-AI-2026E1-P05-C41-S06,editorial_localization_ir,NIST-AI-100-4-IPD,NIST AI 100-4,Reducing Risks Posed by Synthetic Content,,,0
KDJ-AI-2026E1-P05-C41-S07-7BE1ED1B,KDJ-AI-2026E1-P05-C41-S07,editorial_localization_ir,NIST-AI-700-1,NIST AI 700-1,2024 NIST GenAI (Pilot Study): Text-to-Text Evaluation Overview and Results,,,0
KDJ-AI-2026E1-P05-C41-S07-7BE1ED1B,KDJ-AI-2026E1-P05-C41-S07,editorial_localization_ir,NIST-AI-700-2,NIST AI 700-2,Assessing Risks and Impacts of AI (ARIA),,,0
KDJ-AI-2026E1-P05-C41-S07-7BE1ED1B,KDJ-AI-2026E1-P05-C41-S07,editorial_localization_ir,NIST-AI-100-4-IPD,NIST AI 100-4,Reducing Risks Posed by Synthetic Content,,,0
KDJ-AI-2026E1-P05-C41-S08-45AD34AB,KDJ-AI-2026E1-P05-C41-S08,editorial_localization_ir,NIST-AI-700-1,NIST AI 700-1,2024 NIST GenAI (Pilot Study): Text-to-Text Evaluation Overview and Results,,,0
KDJ-AI-2026E1-P05-C41-S08-45AD34AB,KDJ-AI-2026E1-P05-C41-S08,editorial_localization_ir,NIST-AI-700-2,NIST AI 700-2,Assessing Risks and Impacts of AI (ARIA),,,0
KDJ-AI-2026E1-P05-C41-S08-45AD34AB,KDJ-AI-2026E1-P05-C41-S08,editorial_localization_ir,NIST-AI-100-4-IPD,NIST AI 100-4,Reducing Risks Posed by Synthetic Content,,,0
KDJ-AI-2026E1-P05-C41-S09-43B306C8,KDJ-AI-2026E1-P05-C41-S09,editorial_localization_ir,NIST-AI-700-1,NIST AI 700-1,2024 NIST GenAI (Pilot Study): Text-to-Text Evaluation Overview and Results,,,0
KDJ-AI-2026E1-P05-C41-S09-43B306C8,KDJ-AI-2026E1-P05-C41-S09,editorial_localization_ir,NIST-AI-700-2,NIST AI 700-2,Assessing Risks and Impacts of AI (ARIA),,,0
KDJ-AI-2026E1-P05-C41-S09-43B306C8,KDJ-AI-2026E1-P05-C41-S09,editorial_localization_ir,NIST-AI-100-4-IPD,NIST AI 100-4,Reducing Risks Posed by Synthetic Content,,,0
KDJ-AI-2026E1-P05-C41-S10-1AF4F660,KDJ-AI-2026E1-P05-C41-S10,editorial_localization_ir,NIST-AI-700-1,NIST AI 700-1,2024 NIST GenAI (Pilot Study): Text-to-Text Evaluation Overview and Results,,,0
KDJ-AI-2026E1-P05-C41-S10-1AF4F660,KDJ-AI-2026E1-P05-C41-S10,editorial_localization_ir,NIST-AI-700-2,NIST AI 700-2,Assessing Risks and Impacts of AI (ARIA),,,0
KDJ-AI-2026E1-P05-C41-S10-1AF4F660,KDJ-AI-2026E1-P05-C41-S10,editorial_localization_ir,NIST-AI-100-4-IPD,NIST AI 100-4,Reducing Risks Posed by Synthetic Content,,,0
KDJ-AI-2026E1-P06-C42-S01-84484585,KDJ-AI-2026E1-P06-C42-S01,editorial_synthesis,NIST-PAPER-2-TRUSTWORTHINESS,AAAS-NIST Paper 2,"Artificial Intelligence, Trustworthiness, and Litigation",,,0
KDJ-AI-2026E1-P06-C42-S01-84484585,KDJ-AI-2026E1-P06-C42-S01,editorial_synthesis,NIST-PAPER-3-LEGAL,AAAS-NIST Paper 3,"Artificial Intelligence, Legal Research, and Judicial Analytics",,,0
KDJ-AI-2026E1-P06-C42-S01-84484585,KDJ-AI-2026E1-P06-C42-S01,editorial_synthesis,NIST-PAPER-4-BIAS,AAAS-NIST Paper 4,Artificial Intelligence and Bias – An Evaluation,,,0
KDJ-AI-2026E1-P06-C42-S02-B9ED513B,KDJ-AI-2026E1-P06-C42-S02,editorial_synthesis,NIST-PAPER-2-TRUSTWORTHINESS,AAAS-NIST Paper 2,"Artificial Intelligence, Trustworthiness, and Litigation",,,0
KDJ-AI-2026E1-P06-C42-S02-B9ED513B,KDJ-AI-2026E1-P06-C42-S02,editorial_synthesis,NIST-PAPER-3-LEGAL,AAAS-NIST Paper 3,"Artificial Intelligence, Legal Research, and Judicial Analytics",,,0
KDJ-AI-2026E1-P06-C42-S02-B9ED513B,KDJ-AI-2026E1-P06-C42-S02,editorial_synthesis,NIST-PAPER-4-BIAS,AAAS-NIST Paper 4,Artificial Intelligence and Bias – An Evaluation,,,0
KDJ-AI-2026E1-P06-C42-S03-79661035,KDJ-AI-2026E1-P06-C42-S03,editorial_synthesis,NIST-PAPER-2-TRUSTWORTHINESS,AAAS-NIST Paper 2,"Artificial Intelligence, Trustworthiness, and Litigation",,,0
KDJ-AI-2026E1-P06-C42-S03-79661035,KDJ-AI-2026E1-P06-C42-S03,editorial_synthesis,NIST-PAPER-3-LEGAL,AAAS-NIST Paper 3,"Artificial Intelligence, Legal Research, and Judicial Analytics",,,0
KDJ-AI-2026E1-P06-C42-S03-79661035,KDJ-AI-2026E1-P06-C42-S03,editorial_synthesis,NIST-PAPER-4-BIAS,AAAS-NIST Paper 4,Artificial Intelligence and Bias – An Evaluation,,,0
KDJ-AI-2026E1-P06-C42-S04-EA3AF9E3,KDJ-AI-2026E1-P06-C42-S04,editorial_synthesis,NIST-PAPER-2-TRUSTWORTHINESS,AAAS-NIST Paper 2,"Artificial Intelligence, Trustworthiness, and Litigation",,,0
KDJ-AI-2026E1-P06-C42-S04-EA3AF9E3,KDJ-AI-2026E1-P06-C42-S04,editorial_synthesis,NIST-PAPER-3-LEGAL,AAAS-NIST Paper 3,"Artificial Intelligence, Legal Research, and Judicial Analytics",,,0
KDJ-AI-2026E1-P06-C42-S04-EA3AF9E3,KDJ-AI-2026E1-P06-C42-S04,editorial_synthesis,NIST-PAPER-4-BIAS,AAAS-NIST Paper 4,Artificial Intelligence and Bias – An Evaluation,,,0
KDJ-AI-2026E1-P06-C43-S01-F0C6F950,KDJ-AI-2026E1-P06-C43-S01,source_translation,NIST-PAPER-2-TRUSTWORTHINESS,AAAS-NIST Paper 2,"Artificial Intelligence, Trustworthiness, and Litigation",FM,1 2,11
KDJ-AI-2026E1-P06-C43-S02-59AD701E,KDJ-AI-2026E1-P06-C43-S02,source_translation,NIST-PAPER-2-TRUSTWORTHINESS,AAAS-NIST Paper 2,"Artificial Intelligence, Trustworthiness, and Litigation",ARTIFICIALINTELLIGENCEANDTHE,2 3 4 5 6,24
KDJ-AI-2026E1-P06-C43-S03-4622A8A1,KDJ-AI-2026E1-P06-C43-S03,source_translation,NIST-PAPER-2-TRUSTWORTHINESS,AAAS-NIST Paper 2,"Artificial Intelligence, Trustworthiness, and Litigation",ARTIFICIALINTELLIGENCETRUSTW,7,6
KDJ-AI-2026E1-P06-C43-S04-3845DE82,KDJ-AI-2026E1-P06-C43-S04,source_translation,NIST-PAPER-2-TRUSTWORTHINESS,AAAS-NIST Paper 2,"Artificial Intelligence, Trustworthiness, and Litigation",1,7 8 9,10
KDJ-AI-2026E1-P06-C43-S05-1CC66922,KDJ-AI-2026E1-P06-C43-S05,source_translation,NIST-PAPER-2-TRUSTWORTHINESS,AAAS-NIST Paper 2,"Artificial Intelligence, Trustworthiness, and Litigation",2,9 10,4
KDJ-AI-2026E1-P06-C43-S06-8D061FAA,KDJ-AI-2026E1-P06-C43-S06,source_translation,NIST-PAPER-2-TRUSTWORTHINESS,AAAS-NIST Paper 2,"Artificial Intelligence, Trustworthiness, and Litigation",2.1,10 11 12 13,20
KDJ-AI-2026E1-P06-C43-S07-659E23F4,KDJ-AI-2026E1-P06-C43-S07,source_translation,NIST-PAPER-2-TRUSTWORTHINESS,AAAS-NIST Paper 2,"Artificial Intelligence, Trustworthiness, and Litigation",2.2,13 14 15 16 17,30
KDJ-AI-2026E1-P06-C43-S08-A9FE5F06,KDJ-AI-2026E1-P06-C43-S08,source_translation,NIST-PAPER-2-TRUSTWORTHINESS,AAAS-NIST Paper 2,"Artificial Intelligence, Trustworthiness, and Litigation",2.3,17 18,11
KDJ-AI-2026E1-P06-C43-S09-B67BEDA5,KDJ-AI-2026E1-P06-C43-S09,source_translation,NIST-PAPER-2-TRUSTWORTHINESS,AAAS-NIST Paper 2,"Artificial Intelligence, Trustworthiness, and Litigation",3,19,3
KDJ-AI-2026E1-P06-C43-S10-531E76DB,KDJ-AI-2026E1-P06-C43-S10,source_translation,NIST-PAPER-2-TRUSTWORTHINESS,AAAS-NIST Paper 2,"Artificial Intelligence, Trustworthiness, and Litigation",APPA,20,2
KDJ-AI-2026E1-P06-C43-S11-512FEF87,KDJ-AI-2026E1-P06-C43-S11,source_translation,NIST-PAPER-2-TRUSTWORTHINESS,AAAS-NIST Paper 2,"Artificial Intelligence, Trustworthiness, and Litigation",A1WHATWASTHEAIDESIGNEDTOADDR,20 21,12
KDJ-AI-2026E1-P06-C43-S12-5CBBC43D,KDJ-AI-2026E1-P06-C43-S12,source_translation,NIST-PAPER-2-TRUSTWORTHINESS,AAAS-NIST Paper 2,"Artificial Intelligence, Trustworthiness, and Litigation",A2HOWWASTHEAIDEVELOPEDANDBYW,21 22,15
KDJ-AI-2026E1-P06-C43-S13-D357B366,KDJ-AI-2026E1-P06-C43-S13,source_translation,NIST-PAPER-2-TRUSTWORTHINESS,AAAS-NIST Paper 2,"Artificial Intelligence, Trustworthiness, and Litigation",A3WERETHEVALIDITYANDRELIABIL,22 23 24,26
KDJ-AI-2026E1-P06-C43-S14-7C3C9F94,KDJ-AI-2026E1-P06-C43-S14,source_translation,NIST-PAPER-2-TRUSTWORTHINESS,AAAS-NIST Paper 2,"Artificial Intelligence, Trustworthiness, and Litigation",A5WHATISTHERISKOFHARMIFAIEVI,24 25,14
KDJ-AI-2026E1-P06-C43-S15-E9A443D3,KDJ-AI-2026E1-P06-C43-S15,source_translation,NIST-PAPER-2-TRUSTWORTHINESS,AAAS-NIST Paper 2,"Artificial Intelligence, Trustworthiness, and Litigation",A6TIMINGISSUES,25 26 27,6
KDJ-AI-2026E1-P06-C43-S16-FAEB9EAA,KDJ-AI-2026E1-P06-C43-S16,source_translation,NIST-PAPER-2-TRUSTWORTHINESS,AAAS-NIST Paper 2,"Artificial Intelligence, Trustworthiness, and Litigation",B1FACTUALBACKGROUND,27 28 29 30 31,31
KDJ-AI-2026E1-P06-C43-S17-AC1856C2,KDJ-AI-2026E1-P06-C43-S17,source_translation,NIST-PAPER-2-TRUSTWORTHINESS,AAAS-NIST Paper 2,"Artificial Intelligence, Trustworthiness, and Litigation",B3SPECIFICFACTUALCONSIDERATI,31 32 33,39
KDJ-AI-2026E1-P06-C43-S18-6405A0C2,KDJ-AI-2026E1-P06-C43-S18,source_translation,NIST-PAPER-2-TRUSTWORTHINESS,AAAS-NIST Paper 2,"Artificial Intelligence, Trustworthiness, and Litigation",B4FINALTHOUGHTS,33 34,5
KDJ-AI-2026E1-P06-C43-S19-9A06ABA4,KDJ-AI-2026E1-P06-C43-S19,source_translation,NIST-PAPER-2-TRUSTWORTHINESS,AAAS-NIST Paper 2,"Artificial Intelligence, Trustworthiness, and Litigation",C1FORWORD,34,2
KDJ-AI-2026E1-P06-C43-S20-BBE1F18D,KDJ-AI-2026E1-P06-C43-S20,source_translation,NIST-PAPER-2-TRUSTWORTHINESS,AAAS-NIST Paper 2,"Artificial Intelligence, Trustworthiness, and Litigation",C2FACTPATTERN,34 35 36,11
KDJ-AI-2026E1-P06-C43-S21-72893FC7,KDJ-AI-2026E1-P06-C43-S21,source_translation,NIST-PAPER-2-TRUSTWORTHINESS,AAAS-NIST Paper 2,"Artificial Intelligence, Trustworthiness, and Litigation",C3CONCLUSIONSAMPLEQUESTIONSF,36,17
KDJ-AI-2026E1-P06-C44-S01-F8842DBC,KDJ-AI-2026E1-P06-C44-S01,source_translation,NIST-PAPER-3-LEGAL,AAAS-NIST Paper 3,"Artificial Intelligence, Legal Research, and Judicial Analytics",FM,1 2,11
KDJ-AI-2026E1-P06-C44-S02-CA51025C,KDJ-AI-2026E1-P06-C44-S02,source_translation,NIST-PAPER-3-LEGAL,AAAS-NIST Paper 3,"Artificial Intelligence, Legal Research, and Judicial Analytics",ARTIFICIALINTELLIGENCEANDTHE,2 3 4 5 6,21
KDJ-AI-2026E1-P06-C44-S03-C1D39FD4,KDJ-AI-2026E1-P06-C44-S03,source_translation,NIST-PAPER-3-LEGAL,AAAS-NIST Paper 3,"Artificial Intelligence, Legal Research, and Judicial Analytics",ARTIFICIALINTELLIGENCELEGALR,7,4
KDJ-AI-2026E1-P06-C44-S04-A0C51D8B,KDJ-AI-2026E1-P06-C44-S04,source_translation,NIST-PAPER-3-LEGAL,AAAS-NIST Paper 3,"Artificial Intelligence, Legal Research, and Judicial Analytics",1,7 8 9,10
KDJ-AI-2026E1-P06-C44-S05-2E05FAF9,KDJ-AI-2026E1-P06-C44-S05,source_translation,NIST-PAPER-3-LEGAL,AAAS-NIST Paper 3,"Artificial Intelligence, Legal Research, and Judicial Analytics",2.1,9 10 11 12,30
KDJ-AI-2026E1-P06-C44-S06-3610E4B6,KDJ-AI-2026E1-P06-C44-S06,source_translation,NIST-PAPER-3-LEGAL,AAAS-NIST Paper 3,"Artificial Intelligence, Legal Research, and Judicial Analytics",2.2,13 14,14
KDJ-AI-2026E1-P06-C44-S07-F404FC37,KDJ-AI-2026E1-P06-C44-S07,source_translation,NIST-PAPER-3-LEGAL,AAAS-NIST Paper 3,"Artificial Intelligence, Legal Research, and Judicial Analytics",3,14 15 16,16
KDJ-AI-2026E1-P06-C44-S08-4D34A0A3,KDJ-AI-2026E1-P06-C44-S08,source_translation,NIST-PAPER-3-LEGAL,AAAS-NIST Paper 3,"Artificial Intelligence, Legal Research, and Judicial Analytics",PARTBMAINTAININGPERSPECTIVEO,16,3
KDJ-AI-2026E1-P06-C44-S09-D002D323,KDJ-AI-2026E1-P06-C44-S09,source_translation,NIST-PAPER-3-LEGAL,AAAS-NIST Paper 3,"Artificial Intelligence, Legal Research, and Judicial Analytics",APPA,17,8
KDJ-AI-2026E1-P06-C45-S01-74A1F3E4,KDJ-AI-2026E1-P06-C45-S01,source_translation,NIST-PAPER-4-BIAS,AAAS-NIST Paper 4,Artificial Intelligence and Bias – An Evaluation,FM,1 2,11
KDJ-AI-2026E1-P06-C45-S02-1AC84F0E,KDJ-AI-2026E1-P06-C45-S02,source_translation,NIST-PAPER-4-BIAS,AAAS-NIST Paper 4,Artificial Intelligence and Bias – An Evaluation,ARTIFICIALINTELLIGENCEANDTHE,2 3 4 5 6,22
KDJ-AI-2026E1-P06-C45-S03-2ACDF9C2,KDJ-AI-2026E1-P06-C45-S03,source_translation,NIST-PAPER-4-BIAS,AAAS-NIST Paper 4,Artificial Intelligence and Bias – An Evaluation,ARTIFICIALINTELLIGENCEANDBIA,7,4
KDJ-AI-2026E1-P06-C45-S04-051E4F4C,KDJ-AI-2026E1-P06-C45-S04,source_translation,NIST-PAPER-4-BIAS,AAAS-NIST Paper 4,Artificial Intelligence and Bias – An Evaluation,1,7,3
KDJ-AI-2026E1-P06-C45-S05-25E65F9F,KDJ-AI-2026E1-P06-C45-S05,source_translation,NIST-PAPER-4-BIAS,AAAS-NIST Paper 4,Artificial Intelligence and Bias – An Evaluation,2,7 8 9 10 11,25
KDJ-AI-2026E1-P06-C45-S06-64AA9747,KDJ-AI-2026E1-P06-C45-S06,source_translation,NIST-PAPER-4-BIAS,AAAS-NIST Paper 4,Artificial Intelligence and Bias – An Evaluation,3,11 12,7
KDJ-AI-2026E1-P06-C45-S07-D5A9DE7E,KDJ-AI-2026E1-P06-C45-S07,source_translation,NIST-PAPER-4-BIAS,AAAS-NIST Paper 4,Artificial Intelligence and Bias – An Evaluation,3.1,12,5
KDJ-AI-2026E1-P06-C45-S08-F2B54E4F,KDJ-AI-2026E1-P06-C45-S08,source_translation,NIST-PAPER-4-BIAS,AAAS-NIST Paper 4,Artificial Intelligence and Bias – An Evaluation,3.2,13,2
KDJ-AI-2026E1-P06-C45-S09-5AEFAF70,KDJ-AI-2026E1-P06-C45-S09,source_translation,NIST-PAPER-4-BIAS,AAAS-NIST Paper 4,Artificial Intelligence and Bias – An Evaluation,3.3,13,6
KDJ-AI-2026E1-P06-C45-S10-6EB91957,KDJ-AI-2026E1-P06-C45-S10,source_translation,NIST-PAPER-4-BIAS,AAAS-NIST Paper 4,Artificial Intelligence and Bias – An Evaluation,3.4,14,4
KDJ-AI-2026E1-P06-C45-S11-A520B77E,KDJ-AI-2026E1-P06-C45-S11,source_translation,NIST-PAPER-4-BIAS,AAAS-NIST Paper 4,Artificial Intelligence and Bias – An Evaluation,3.5,14 15,6
KDJ-AI-2026E1-P06-C45-S12-D3EFC1FD,KDJ-AI-2026E1-P06-C45-S12,source_translation,NIST-PAPER-4-BIAS,AAAS-NIST Paper 4,Artificial Intelligence and Bias – An Evaluation,3.6,15 16 17,15
KDJ-AI-2026E1-P06-C45-S13-A4C74BD3,KDJ-AI-2026E1-P06-C45-S13,source_translation,NIST-PAPER-4-BIAS,AAAS-NIST Paper 4,Artificial Intelligence and Bias – An Evaluation,4,17 18,3
KDJ-AI-2026E1-P06-C45-S14-AD390EEC,KDJ-AI-2026E1-P06-C45-S14,source_translation,NIST-PAPER-4-BIAS,AAAS-NIST Paper 4,Artificial Intelligence and Bias – An Evaluation,4.1,18 19 20,13
KDJ-AI-2026E1-P06-C45-S15-178D5DC0,KDJ-AI-2026E1-P06-C45-S15,source_translation,NIST-PAPER-4-BIAS,AAAS-NIST Paper 4,Artificial Intelligence and Bias – An Evaluation,5,21,3
KDJ-AI-2026E1-P06-C46-S01-BE98BCD7,KDJ-AI-2026E1-P06-C46-S01,editorial_synthesis,NIST-PAPER-2-TRUSTWORTHINESS,AAAS-NIST Paper 2,"Artificial Intelligence, Trustworthiness, and Litigation",,,0
KDJ-AI-2026E1-P06-C46-S01-BE98BCD7,KDJ-AI-2026E1-P06-C46-S01,editorial_synthesis,NIST-PAPER-3-LEGAL,AAAS-NIST Paper 3,"Artificial Intelligence, Legal Research, and Judicial Analytics",,,0
KDJ-AI-2026E1-P06-C46-S01-BE98BCD7,KDJ-AI-2026E1-P06-C46-S01,editorial_synthesis,NIST-PAPER-4-BIAS,AAAS-NIST Paper 4,Artificial Intelligence and Bias – An Evaluation,,,0
KDJ-AI-2026E1-P06-C46-S02-5F389F16,KDJ-AI-2026E1-P06-C46-S02,editorial_synthesis,NIST-PAPER-2-TRUSTWORTHINESS,AAAS-NIST Paper 2,"Artificial Intelligence, Trustworthiness, and Litigation",,,0
KDJ-AI-2026E1-P06-C46-S02-5F389F16,KDJ-AI-2026E1-P06-C46-S02,editorial_synthesis,NIST-PAPER-3-LEGAL,AAAS-NIST Paper 3,"Artificial Intelligence, Legal Research, and Judicial Analytics",,,0
KDJ-AI-2026E1-P06-C46-S02-5F389F16,KDJ-AI-2026E1-P06-C46-S02,editorial_synthesis,NIST-PAPER-4-BIAS,AAAS-NIST Paper 4,Artificial Intelligence and Bias – An Evaluation,,,0
KDJ-AI-2026E1-P06-C46-S03-A0EF3CC7,KDJ-AI-2026E1-P06-C46-S03,editorial_synthesis,NIST-PAPER-2-TRUSTWORTHINESS,AAAS-NIST Paper 2,"Artificial Intelligence, Trustworthiness, and Litigation",,,0
KDJ-AI-2026E1-P06-C46-S03-A0EF3CC7,KDJ-AI-2026E1-P06-C46-S03,editorial_synthesis,NIST-PAPER-3-LEGAL,AAAS-NIST Paper 3,"Artificial Intelligence, Legal Research, and Judicial Analytics",,,0
KDJ-AI-2026E1-P06-C46-S03-A0EF3CC7,KDJ-AI-2026E1-P06-C46-S03,editorial_synthesis,NIST-PAPER-4-BIAS,AAAS-NIST Paper 4,Artificial Intelligence and Bias – An Evaluation,,,0
KDJ-AI-2026E1-P06-C47-S01-6999533F,KDJ-AI-2026E1-P06-C47-S01,editorial_synthesis,NIST-PAPER-2-TRUSTWORTHINESS,AAAS-NIST Paper 2,"Artificial Intelligence, Trustworthiness, and Litigation",,,0
KDJ-AI-2026E1-P06-C47-S01-6999533F,KDJ-AI-2026E1-P06-C47-S01,editorial_synthesis,NIST-PAPER-3-LEGAL,AAAS-NIST Paper 3,"Artificial Intelligence, Legal Research, and Judicial Analytics",,,0
KDJ-AI-2026E1-P06-C47-S01-6999533F,KDJ-AI-2026E1-P06-C47-S01,editorial_synthesis,NIST-PAPER-4-BIAS,AAAS-NIST Paper 4,Artificial Intelligence and Bias – An Evaluation,,,0
KDJ-AI-2026E1-P06-C48-S01-45221CBF,KDJ-AI-2026E1-P06-C48-S01,editorial_localization_ir,NIST-PAPER-2-TRUSTWORTHINESS,AAAS-NIST Paper 2,"Artificial Intelligence, Trustworthiness, and Litigation",,,0
KDJ-AI-2026E1-P06-C48-S01-45221CBF,KDJ-AI-2026E1-P06-C48-S01,editorial_localization_ir,NIST-PAPER-3-LEGAL,AAAS-NIST Paper 3,"Artificial Intelligence, Legal Research, and Judicial Analytics",,,0
KDJ-AI-2026E1-P06-C48-S01-45221CBF,KDJ-AI-2026E1-P06-C48-S01,editorial_localization_ir,NIST-PAPER-4-BIAS,AAAS-NIST Paper 4,Artificial Intelligence and Bias – An Evaluation,,,0
KDJ-AI-2026E1-P06-C48-S02-2FE50A5C,KDJ-AI-2026E1-P06-C48-S02,editorial_localization_ir,NIST-PAPER-2-TRUSTWORTHINESS,AAAS-NIST Paper 2,"Artificial Intelligence, Trustworthiness, and Litigation",,,0
KDJ-AI-2026E1-P06-C48-S02-2FE50A5C,KDJ-AI-2026E1-P06-C48-S02,editorial_localization_ir,NIST-PAPER-3-LEGAL,AAAS-NIST Paper 3,"Artificial Intelligence, Legal Research, and Judicial Analytics",,,0
KDJ-AI-2026E1-P06-C48-S02-2FE50A5C,KDJ-AI-2026E1-P06-C48-S02,editorial_localization_ir,NIST-PAPER-4-BIAS,AAAS-NIST Paper 4,Artificial Intelligence and Bias – An Evaluation,,,0
KDJ-AI-2026E1-P06-C48-S03-80E7943B,KDJ-AI-2026E1-P06-C48-S03,editorial_localization_ir,NIST-PAPER-2-TRUSTWORTHINESS,AAAS-NIST Paper 2,"Artificial Intelligence, Trustworthiness, and Litigation",,,0
KDJ-AI-2026E1-P06-C48-S03-80E7943B,KDJ-AI-2026E1-P06-C48-S03,editorial_localization_ir,NIST-PAPER-3-LEGAL,AAAS-NIST Paper 3,"Artificial Intelligence, Legal Research, and Judicial Analytics",,,0
KDJ-AI-2026E1-P06-C48-S03-80E7943B,KDJ-AI-2026E1-P06-C48-S03,editorial_localization_ir,NIST-PAPER-4-BIAS,AAAS-NIST Paper 4,Artificial Intelligence and Bias – An Evaluation,,,0
KDJ-AI-2026E1-P06-C48-S04-109EC715,KDJ-AI-2026E1-P06-C48-S04,editorial_localization_ir,NIST-PAPER-2-TRUSTWORTHINESS,AAAS-NIST Paper 2,"Artificial Intelligence, Trustworthiness, and Litigation",,,0
KDJ-AI-2026E1-P06-C48-S04-109EC715,KDJ-AI-2026E1-P06-C48-S04,editorial_localization_ir,NIST-PAPER-3-LEGAL,AAAS-NIST Paper 3,"Artificial Intelligence, Legal Research, and Judicial Analytics",,,0
KDJ-AI-2026E1-P06-C48-S04-109EC715,KDJ-AI-2026E1-P06-C48-S04,editorial_localization_ir,NIST-PAPER-4-BIAS,AAAS-NIST Paper 4,Artificial Intelligence and Bias – An Evaluation,,,0
KDJ-AI-2026E1-P06-C48-S05-DB9B21A3,KDJ-AI-2026E1-P06-C48-S05,editorial_localization_ir,NIST-PAPER-2-TRUSTWORTHINESS,AAAS-NIST Paper 2,"Artificial Intelligence, Trustworthiness, and Litigation",,,0
KDJ-AI-2026E1-P06-C48-S05-DB9B21A3,KDJ-AI-2026E1-P06-C48-S05,editorial_localization_ir,NIST-PAPER-3-LEGAL,AAAS-NIST Paper 3,"Artificial Intelligence, Legal Research, and Judicial Analytics",,,0
KDJ-AI-2026E1-P06-C48-S05-DB9B21A3,KDJ-AI-2026E1-P06-C48-S05,editorial_localization_ir,NIST-PAPER-4-BIAS,AAAS-NIST Paper 4,Artificial Intelligence and Bias – An Evaluation,,,0
KDJ-AI-2026E1-P06-C48-S06-C363370E,KDJ-AI-2026E1-P06-C48-S06,editorial_localization_ir,NIST-PAPER-2-TRUSTWORTHINESS,AAAS-NIST Paper 2,"Artificial Intelligence, Trustworthiness, and Litigation",,,0
KDJ-AI-2026E1-P06-C48-S06-C363370E,KDJ-AI-2026E1-P06-C48-S06,editorial_localization_ir,NIST-PAPER-3-LEGAL,AAAS-NIST Paper 3,"Artificial Intelligence, Legal Research, and Judicial Analytics",,,0
KDJ-AI-2026E1-P06-C48-S06-C363370E,KDJ-AI-2026E1-P06-C48-S06,editorial_localization_ir,NIST-PAPER-4-BIAS,AAAS-NIST Paper 4,Artificial Intelligence and Bias – An Evaluation,,,0
KDJ-AI-2026E1-P06-C48-S07-0EEAC22D,KDJ-AI-2026E1-P06-C48-S07,editorial_localization_ir,NIST-PAPER-2-TRUSTWORTHINESS,AAAS-NIST Paper 2,"Artificial Intelligence, Trustworthiness, and Litigation",,,0
KDJ-AI-2026E1-P06-C48-S07-0EEAC22D,KDJ-AI-2026E1-P06-C48-S07,editorial_localization_ir,NIST-PAPER-3-LEGAL,AAAS-NIST Paper 3,"Artificial Intelligence, Legal Research, and Judicial Analytics",,,0
KDJ-AI-2026E1-P06-C48-S07-0EEAC22D,KDJ-AI-2026E1-P06-C48-S07,editorial_localization_ir,NIST-PAPER-4-BIAS,AAAS-NIST Paper 4,Artificial Intelligence and Bias – An Evaluation,,,0
KDJ-AI-2026E1-P06-C48-S08-D612405A,KDJ-AI-2026E1-P06-C48-S08,editorial_localization_ir,NIST-PAPER-2-TRUSTWORTHINESS,AAAS-NIST Paper 2,"Artificial Intelligence, Trustworthiness, and Litigation",,,0
KDJ-AI-2026E1-P06-C48-S08-D612405A,KDJ-AI-2026E1-P06-C48-S08,editorial_localization_ir,NIST-PAPER-3-LEGAL,AAAS-NIST Paper 3,"Artificial Intelligence, Legal Research, and Judicial Analytics",,,0
KDJ-AI-2026E1-P06-C48-S08-D612405A,KDJ-AI-2026E1-P06-C48-S08,editorial_localization_ir,NIST-PAPER-4-BIAS,AAAS-NIST Paper 4,Artificial Intelligence and Bias – An Evaluation,,,0
KDJ-AI-2026E1-P06-C48-S09-DC4DE95E,KDJ-AI-2026E1-P06-C48-S09,editorial_localization_ir,NIST-PAPER-2-TRUSTWORTHINESS,AAAS-NIST Paper 2,"Artificial Intelligence, Trustworthiness, and Litigation",,,0
KDJ-AI-2026E1-P06-C48-S09-DC4DE95E,KDJ-AI-2026E1-P06-C48-S09,editorial_localization_ir,NIST-PAPER-3-LEGAL,AAAS-NIST Paper 3,"Artificial Intelligence, Legal Research, and Judicial Analytics",,,0
KDJ-AI-2026E1-P06-C48-S09-DC4DE95E,KDJ-AI-2026E1-P06-C48-S09,editorial_localization_ir,NIST-PAPER-4-BIAS,AAAS-NIST Paper 4,Artificial Intelligence and Bias – An Evaluation,,,0
KDJ-AI-2026E1-P07-C49-S01-1BF58DCC,KDJ-AI-2026E1-P07-C49-S01,editorial_synthesis,NIST-AI-STD-FED-PLAN-2019,NIST Federal Engagement Plan (2019),U.S. Leadership in AI: A Plan for Federal Engagement in Developing Technical Standards and Related Tools,,,0
KDJ-AI-2026E1-P07-C49-S02-315A4718,KDJ-AI-2026E1-P07-C49-S02,editorial_synthesis,NIST-AI-STD-FED-PLAN-2019,NIST Federal Engagement Plan (2019),U.S. Leadership in AI: A Plan for Federal Engagement in Developing Technical Standards and Related Tools,,,0
KDJ-AI-2026E1-P07-C49-S03-2C7EB94D,KDJ-AI-2026E1-P07-C49-S03,editorial_synthesis,NIST-AI-STD-FED-PLAN-2019,NIST Federal Engagement Plan (2019),U.S. Leadership in AI: A Plan for Federal Engagement in Developing Technical Standards and Related Tools,,,0
KDJ-AI-2026E1-P07-C50-S01-3D90DFF8,KDJ-AI-2026E1-P07-C50-S01,source_translation,NIST-AI-STD-FED-PLAN-2019,NIST Federal Engagement Plan (2019),U.S. Leadership in AI: A Plan for Federal Engagement in Developing Technical Standards and Related Tools,EXECUTIVESUMMARY,5 6 7 8 9,59
KDJ-AI-2026E1-P07-C50-S02-F3E203E4,KDJ-AI-2026E1-P07-C50-S02,source_translation,NIST-AI-STD-FED-PLAN-2019,NIST Federal Engagement Plan (2019),U.S. Leadership in AI: A Plan for Federal Engagement in Developing Technical Standards and Related Tools,AWHYISAPLANFORFEDERALENGAGEM,9 10 11,24
KDJ-AI-2026E1-P07-C50-S03-7DC814CD,KDJ-AI-2026E1-P07-C50-S03,source_translation,NIST-AI-STD-FED-PLAN-2019,NIST Federal Engagement Plan (2019),U.S. Leadership in AI: A Plan for Federal Engagement in Developing Technical Standards and Related Tools,CHOWARETECHNICALSTANDARDSDEV,11,6
KDJ-AI-2026E1-P07-C50-S04-DDB548CE,KDJ-AI-2026E1-P07-C50-S04,source_translation,NIST-AI-STD-FED-PLAN-2019,NIST Federal Engagement Plan (2019),U.S. Leadership in AI: A Plan for Federal Engagement in Developing Technical Standards and Related Tools,DWHATAITECHNICALSTANDARDSARE,12 13 14 15,36
KDJ-AI-2026E1-P07-C50-S05-3E8F1B3B,KDJ-AI-2026E1-P07-C50-S05,source_translation,NIST-AI-STD-FED-PLAN-2019,NIST Federal Engagement Plan (2019),U.S. Leadership in AI: A Plan for Federal Engagement in Developing Technical Standards and Related Tools,EWHATAISTANDARDSRELATEDTOOLS,15 16 17,17
KDJ-AI-2026E1-P07-C50-S06-7924877E,KDJ-AI-2026E1-P07-C50-S06,source_translation,NIST-AI-STD-FED-PLAN-2019,NIST Federal Engagement Plan (2019),U.S. Leadership in AI: A Plan for Federal Engagement in Developing Technical Standards and Related Tools,FWHATAREOTHERIMPORTANTCONSID,17 18 19,13
KDJ-AI-2026E1-P07-C50-S07-9898F56F,KDJ-AI-2026E1-P07-C50-S07,source_translation,NIST-AI-STD-FED-PLAN-2019,NIST Federal Engagement Plan (2019),U.S. Leadership in AI: A Plan for Federal Engagement in Developing Technical Standards and Related Tools,APRIORITIESFORFEDERALGOVERNM,19 20 21,34
KDJ-AI-2026E1-P07-C50-S08-81E4523B,KDJ-AI-2026E1-P07-C50-S08,source_translation,NIST-AI-STD-FED-PLAN-2019,NIST Federal Engagement Plan (2019),U.S. Leadership in AI: A Plan for Federal Engagement in Developing Technical Standards and Related Tools,BLEVELSOFUSGOVERNMENTENGAGEM,21 22,9
KDJ-AI-2026E1-P07-C50-S09-4DF0EBF8,KDJ-AI-2026E1-P07-C50-S09,source_translation,NIST-AI-STD-FED-PLAN-2019,NIST Federal Engagement Plan (2019),U.S. Leadership in AI: A Plan for Federal Engagement in Developing Technical Standards and Related Tools,CPRACTICALSTEPSFORAGENCYENGA,22 23,18
KDJ-AI-2026E1-P07-C50-S10-BB374D7E,KDJ-AI-2026E1-P07-C50-S10,source_translation,NIST-AI-STD-FED-PLAN-2019,NIST Federal Engagement Plan (2019),U.S. Leadership in AI: A Plan for Federal Engagement in Developing Technical Standards and Related Tools,3,24 25 26 27,38
KDJ-AI-2026E1-P07-C50-S11-9E231012,KDJ-AI-2026E1-P07-C50-S11,source_translation,NIST-AI-STD-FED-PLAN-2019,NIST Federal Engagement Plan (2019),U.S. Leadership in AI: A Plan for Federal Engagement in Developing Technical Standards and Related Tools,APPII,28 29 30 31 32 33,101
KDJ-AI-2026E1-P07-C50-S12-5136B957,KDJ-AI-2026E1-P07-C50-S12,source_translation,NIST-AI-STD-FED-PLAN-2019,NIST Federal Engagement Plan (2019),U.S. Leadership in AI: A Plan for Federal Engagement in Developing Technical Standards and Related Tools,APPIII,34 35 36 37 38 39,61
KDJ-AI-2026E1-P07-C50-S13-BF8E8B66,KDJ-AI-2026E1-P07-C50-S13,source_translation,NIST-AI-STD-FED-PLAN-2019,NIST Federal Engagement Plan (2019),U.S. Leadership in AI: A Plan for Federal Engagement in Developing Technical Standards and Related Tools,EXECUTIVEORDERONMAINTAININGA,39,10
KDJ-AI-2026E1-P07-C50-S14-89644B20,KDJ-AI-2026E1-P07-C50-S14,source_translation,NIST-AI-STD-FED-PLAN-2019,NIST Federal Engagement Plan (2019),U.S. Leadership in AI: A Plan for Federal Engagement in Developing Technical Standards and Related Tools,THEPROCESSNISTUSEDTODEVELOPT,39 40 41 42 43 44 45 46 47 48,86
KDJ-AI-2026E1-P07-C51-S01-05DE9635,KDJ-AI-2026E1-P07-C51-S01,editorial_synthesis,NIST-AI-STD-FED-PLAN-2019,NIST Federal Engagement Plan (2019),U.S. Leadership in AI: A Plan for Federal Engagement in Developing Technical Standards and Related Tools,,,0
KDJ-AI-2026E1-P07-C51-S02-E21F01AC,KDJ-AI-2026E1-P07-C51-S02,editorial_synthesis,NIST-AI-STD-FED-PLAN-2019,NIST Federal Engagement Plan (2019),U.S. Leadership in AI: A Plan for Federal Engagement in Developing Technical Standards and Related Tools,,,0
KDJ-AI-2026E1-P07-C51-S03-90CE05BF,KDJ-AI-2026E1-P07-C51-S03,editorial_synthesis,NIST-AI-STD-FED-PLAN-2019,NIST Federal Engagement Plan (2019),U.S. Leadership in AI: A Plan for Federal Engagement in Developing Technical Standards and Related Tools,,,0
KDJ-AI-2026E1-P07-C52-S01-57C5C6DD,KDJ-AI-2026E1-P07-C52-S01,editorial_synthesis,NIST-AI-STD-FED-PLAN-2019,NIST Federal Engagement Plan (2019),U.S. Leadership in AI: A Plan for Federal Engagement in Developing Technical Standards and Related Tools,,,0
KDJ-AI-2026E1-P07-C53-S01-A58BCA57,KDJ-AI-2026E1-P07-C53-S01,editorial_localization_ir,NIST-AI-STD-FED-PLAN-2019,NIST Federal Engagement Plan (2019),U.S. Leadership in AI: A Plan for Federal Engagement in Developing Technical Standards and Related Tools,,,0
KDJ-AI-2026E1-P07-C53-S02-20C2433C,KDJ-AI-2026E1-P07-C53-S02,editorial_localization_ir,NIST-AI-STD-FED-PLAN-2019,NIST Federal Engagement Plan (2019),U.S. Leadership in AI: A Plan for Federal Engagement in Developing Technical Standards and Related Tools,,,0
KDJ-AI-2026E1-P07-C53-S03-9F292F77,KDJ-AI-2026E1-P07-C53-S03,editorial_localization_ir,NIST-AI-STD-FED-PLAN-2019,NIST Federal Engagement Plan (2019),U.S. Leadership in AI: A Plan for Federal Engagement in Developing Technical Standards and Related Tools,,,0
KDJ-AI-2026E1-P07-C53-S04-E8C1A95C,KDJ-AI-2026E1-P07-C53-S04,editorial_localization_ir,NIST-AI-STD-FED-PLAN-2019,NIST Federal Engagement Plan (2019),U.S. Leadership in AI: A Plan for Federal Engagement in Developing Technical Standards and Related Tools,,,0
KDJ-AI-2026E1-P07-C53-S05-DDCBE626,KDJ-AI-2026E1-P07-C53-S05,editorial_localization_ir,NIST-AI-STD-FED-PLAN-2019,NIST Federal Engagement Plan (2019),U.S. Leadership in AI: A Plan for Federal Engagement in Developing Technical Standards and Related Tools,,,0
KDJ-AI-2026E1-P07-C53-S06-396DC010,KDJ-AI-2026E1-P07-C53-S06,editorial_localization_ir,NIST-AI-STD-FED-PLAN-2019,NIST Federal Engagement Plan (2019),U.S. Leadership in AI: A Plan for Federal Engagement in Developing Technical Standards and Related Tools,,,0
KDJ-AI-2026E1-P07-C53-S07-1F16CDE1,KDJ-AI-2026E1-P07-C53-S07,editorial_localization_ir,NIST-AI-STD-FED-PLAN-2019,NIST Federal Engagement Plan (2019),U.S. Leadership in AI: A Plan for Federal Engagement in Developing Technical Standards and Related Tools,,,0
KDJ-AI-2026E1-P07-C53-S08-54006082,KDJ-AI-2026E1-P07-C53-S08,editorial_localization_ir,NIST-AI-STD-FED-PLAN-2019,NIST Federal Engagement Plan (2019),U.S. Leadership in AI: A Plan for Federal Engagement in Developing Technical Standards and Related Tools,,,0
